2025-04-30 23:58:39,4.4974,false
2025-05-01 00:10:24,4.8415,false
2025-05-01 00:21:08,4.7449,false
2025-05-01 00:30:16,4.8092,false
2025-05-01 00:38:38,5.0146,true
2025-05-01 00:49:40,5.0130,true
2025-05-01 00:58:36,4.8287,false
2025-05-01 01:08:24,5.1243,true
2025-05-01 01:18:59,5.0989,true
2025-05-01 01:29:46,5.1007,true
2025-05-01 01:40:32,4.8881,false
2025-05-01 01:50:33,5.2194,true
2025-05-01 01:59:02,5.3001,true
2025-05-01 02:08:31,2.0316,false
2025-05-01 02:18:56,2.4594,false
2025-05-01 02:28:44,2.1617,false
2025-05-01 02:40:57,2.3187,false
2025-05-01 02:48:21,2.1055,false
2025-05-01 02:58:42,2.1554,false
2025-05-01 03:09:21,2.5449,false
2025-05-01 03:18:26,2.1816,false
2025-05-01 03:29:26,2.4321,false
2025-05-01 03:38:31,2.2505,false
2025-05-01 03:50:10,2.6893,false
2025-05-01 03:59:24,2.2866,false
2025-05-01 04:09:27,2.4575,false
2025-05-01 04:19:20,2.4940,false
2025-05-01 04:31:18,2.5193,false
2025-05-01 04:38:35,2.4081,false
2025-05-01 04:51:26,2.5374,false
2025-05-01 05:00:13,3.8922,true
2025-05-01 05:08:39,2.5990,false
2025-05-01 05:19:31,2.7671,false
2025-05-01 05:29:18,2.7128,false
2025-05-01 05:41:14,2.4427,false
2025-05-01 05:48:39,2.8921,false
2025-05-01 06:00:49,2.7845,false
2025-05-01 06:11:29,2.5647,false
2025-05-01 06:21:13,2.7084,false
2025-05-01 06:31:35,2.8806,false
2025-05-01 06:38:49,2.8427,false
2025-05-01 06:48:57,2.6925,false
2025-05-01 07:01:14,2.4378,false
2025-05-01 07:11:04,2.5930,false
2025-05-01 07:19:12,2.5136,false
2025-05-01 07:31:21,2.3780,false
2025-05-01 07:39:40,2.4398,false
2025-05-01 07:49:13,2.5655,false
2025-05-01 08:00:16,2.5434,false
2025-05-01 08:09:00,2.4548,false
2025-05-01 08:20:06,2.7053,false
2025-05-01 08:30:32,2.5814,false
2025-05-01 08:40:54,2.5348,false
2025-05-01 08:50:33,2.2626,false
2025-05-01 08:59:53,2.2100,false
2025-05-01 09:11:28,2.2787,false
2025-05-01 09:19:10,2.1108,false
2025-05-01 09:28:22,2.3104,false
2025-05-01 09:39:36,2.4563,false
2025-05-01 09:51:07,3.6574,true
2025-05-01 10:00:05,1.9800,false
2025-05-01 10:11:35,2.3243,false
2025-05-01 10:19:25,2.3023,false
2025-05-01 10:29:40,1.9082,false
2025-05-01 10:40:07,1.9927,false
2025-05-01 10:48:23,1.8703,false
2025-05-01 10:59:59,2.0037,false
2025-05-01 11:09:39,1.8782,false
2025-05-01 11:20:06,1.9229,false
2025-05-01 11:30:52,6.7855,true
2025-05-01 11:39:19,6.6102,true
2025-05-01 11:50:37,1.8199,false
2025-05-01 12:00:31,4.6094,true
2025-05-01 12:09:16,1.5584,false
2025-05-01 12:19:13,1.3783,false
2025-05-01 12:31:07,1.3247,false
2025-05-01 12:40:27,1.5045,false
2025-05-01 12:50:49,1.2578,false
2025-05-01 12:59:51,1.6322,false
2025-05-01 13:10:55,1.4253,false
2025-05-01 13:19:45,1.5540,false
2025-05-01 13:30:55,1.2472,false
2025-05-01 13:40:50,1.3705,false
2025-05-01 13:51:15,2.7473,true
2025-05-01 14:00:54,1.2941,false
2025-05-01 14:09:08,0.9817,false
2025-05-01 14:19:26,1.3333,false
2025-05-01 14:30:11,0.9168,false
2025-05-01 14:39:59,1.0908,false
2025-05-01 14:49:21,1.2212,false
2025-05-01 15:00:25,1.1475,false
2025-05-01 15:10:10,1.0820,false
2025-05-01 15:20:52,1.1775,false
2025-05-01 15:29:16,1.1288,false
2025-05-01 15:38:51,0.9245,false
2025-05-01 15:48:34,0.7821,false
2025-05-01 15:58:46,1.0317,false
2025-05-01 16:10:57,1.1964,false
2025-05-01 16:19:18,0.7502,false
2025-05-01 16:29:45,1.0550,false
2025-05-01 16:41:28,1.1768,false
2025-05-01 16:48:35,0.9226,false
2025-05-01 17:00:39,5.4413,true
2025-05-01 17:09:08,1.0957,false
2025-05-01 17:19:32,1.2324,false
2025-05-01 17:28:44,0.9068,false
2025-05-01 17:39:07,1.0167,false
2025-05-01 17:50:29,1.1650,false
2025-05-01 18:00:00,1.2624,false
2025-05-01 18:09:27,1.2587,false
2025-05-01 18:19:07,1.0584,false
2025-05-01 18:30:18,0.8834,false
2025-05-01 18:41:00,1.1120,false
2025-05-01 18:51:17,1.0205,false
2025-05-01 19:01:28,1.4154,false
2025-05-01 19:09:44,1.3709,false
2025-05-01 19:19:33,1.1428,false
2025-05-01 19:29:21,1.2224,false
2025-05-01 19:41:07,1.2094,false
2025-05-01 19:48:43,1.4387,false
2025-05-01 20:00:35,1.6444,false
2025-05-01 20:08:20,1.2134,false
2025-05-01 20:19:47,1.5560,false
2025-05-01 20:29:38,1.4737,false
2025-05-01 20:39:14,1.5485,false
2025-05-01 20:51:08,1.7147,false
2025-05-01 20:58:23,1.6201,false
2025-05-01 21:09:47,5.0006,true
2025-05-01 21:18:31,4.9383,false
2025-05-01 21:29:04,4.8343,false
2025-05-01 21:39:42,4.8999,false
2025-05-01 21:49:09,4.8619,false
2025-05-01 21:58:24,5.1098,true
2025-05-01 22:11:34,5.3044,true
2025-05-01 22:20:42,5.2926,true
2025-05-01 22:30:53,5.3381,true
2025-05-01 22:40:50,5.3703,true
2025-05-01 22:49:10,5.3474,true
2025-05-01 23:00:22,5.2253,true
2025-05-01 23:08:29,5.4274,true
2025-05-01 23:19:44,5.3067,true
2025-05-01 23:28:46,5.6934,true
2025-05-01 23:41:00,5.5764,true
2025-05-01 23:48:26,5.5774,true
2025-05-02 00:01:12,5.7257,true
2025-05-02 00:10:33,6.0178,true
2025-05-02 00:21:03,5.8847,true
2025-05-02 00:28:32,6.0797,true
2025-05-02 00:40:56,5.8733,true
2025-05-02 00:49:21,6.3584,true
2025-05-02 01:00:31,7.7122,true
2025-05-02 01:08:41,6.3802,true
2025-05-02 01:21:22,6.2304,true
2025-05-02 01:29:55,6.3875,true
2025-05-02 01:40:08,6.6044,true
2025-05-02 01:50:09,6.4467,true
2025-05-02 02:00:38,6.7795,true
2025-05-02 02:11:35,3.4744,false
2025-05-02 02:19:44,3.6200,false
2025-05-02 02:31:26,3.7203,false
2025-05-02 02:40:40,3.7294,false
2025-05-02 02:49:16,3.9457,false
2025-05-02 03:01:08,3.8109,false
2025-05-02 03:11:34,3.7509,false
2025-05-02 03:19:41,3.8529,false
2025-05-02 03:30:41,3.7943,false
2025-05-02 03:40:16,3.8514,false
2025-05-02 03:50:34,3.9809,false
2025-05-02 03:59:51,4.1405,false
2025-05-02 04:10:32,4.0034,false
2025-05-02 04:20:33,4.0495,false
2025-05-02 04:28:55,4.0835,false
2025-05-02 04:38:54,4.0968,false
2025-05-02 04:49:51,4.2514,false
2025-05-02 05:00:06,5.6524,true
2025-05-02 05:09:52,4.4123,false
2025-05-02 05:19:55,4.4477,false
2025-05-02 05:29:23,4.1668,false
2025-05-02 05:39:31,4.2078,false
2025-05-02 05:50:15,4.1384,false
2025-05-02 06:01:14,4.0324,false
2025-05-02 06:11:27,4.3821,false
2025-05-02 06:20:22,4.0471,false
2025-05-02 06:31:36,4.3703,false
2025-05-02 06:39:48,4.3365,false
2025-05-02 06:48:23,4.3172,false
2025-05-02 07:00:57,16.2765,true
2025-05-02 07:11:22,4.3853,false
2025-05-02 07:19:49,4.1063,false
2025-05-02 07:28:35,4.2508,false
2025-05-02 07:41:14,4.1335,false
2025-05-02 07:50:51,3.9659,false
2025-05-02 07:58:46,4.0468,false
2025-05-02 08:09:01,4.1364,false
2025-05-02 08:18:58,4.1757,false
2025-05-02 08:30:58,3.9161,false
2025-05-02 08:39:57,3.7640,false
2025-05-02 08:51:39,3.9531,false
2025-05-02 08:59:12,3.6481,false
2025-05-02 09:11:28,4.0215,false
2025-05-02 09:18:24,3.6338,false
2025-05-02 09:31:25,3.6392,false
2025-05-02 09:40:31,3.8394,false
2025-05-02 09:50:31,3.3756,false
2025-05-02 09:58:21,3.3418,false
2025-05-02 10:09:14,3.5602,false
2025-05-02 10:18:32,3.6069,false
2025-05-02 10:29:00,3.5779,false
2025-05-02 10:41:37,3.4722,false
2025-05-02 10:49:14,3.4055,false
2025-05-02 11:00:47,3.0396,false
2025-05-02 11:10:31,3.2760,false
2025-05-02 11:21:20,2.8982,false
2025-05-02 11:30:08,8.1620,true
2025-05-02 11:40:02,7.9592,true
2025-05-02 11:49:51,3.1291,false
2025-05-02 12:00:37,6.0301,true
2025-05-02 12:08:51,2.8777,false
2025-05-02 12:20:28,2.8515,false
2025-05-02 12:31:12,2.6973,false
2025-05-02 12:41:19,2.5140,false
2025-05-02 12:48:40,2.3875,false
2025-05-02 13:00:39,3.9490,true
2025-05-02 13:10:22,2.5445,false
2025-05-02 13:19:34,2.0901,false
2025-05-02 13:28:31,2.2522,false
2025-05-02 13:40:11,2.0405,false
2025-05-02 13:51:25,3.6298,true
2025-05-02 13:59:50,2.0177,false
2025-05-02 14:10:06,2.1283,false
2025-05-02 14:20:00,1.9170,false
2025-05-02 14:29:52,1.8120,false
2025-05-02 14:39:45,1.8515,false
2025-05-02 14:49:53,1.6155,false
2025-05-02 14:58:48,1.8945,false
2025-05-02 15:10:06,1.5931,false
2025-05-02 15:19:44,1.7198,false
2025-05-02 15:28:42,1.3219,false
2025-05-02 15:38:34,1.6197,false
2025-05-02 15:50:00,1.2927,false
2025-05-02 15:58:23,1.2970,false
2025-05-02 16:09:24,1.4213,false
2025-05-02 16:20:16,1.4782,false
2025-05-02 16:31:23,1.3691,false
2025-05-02 16:39:31,1.4659,false
2025-05-02 16:51:09,1.4689,false
2025-05-02 17:00:07,5.5938,true
2025-05-02 17:11:01,1.0766,false
2025-05-02 17:19:20,0.9643,false
2025-05-02 17:29:35,1.1206,false
2025-05-02 17:39:24,1.1838,false
2025-05-02 17:48:40,1.1901,false
2025-05-02 18:01:28,0.9326,false
2025-05-02 18:11:03,0.7983,false
2025-05-02 18:19:48,1.0489,false
2025-05-02 18:31:02,1.0959,false
2025-05-02 18:40:53,0.9700,false
2025-05-02 18:51:28,0.7778,false
2025-05-02 19:01:22,0.8740,false
2025-05-02 19:10:36,0.7533,false
2025-05-02 19:20:09,0.9429,false
2025-05-02 19:30:57,0.7487,false
2025-05-02 19:38:32,0.9661,false
2025-05-02 19:51:39,1.1568,false
2025-05-02 20:01:20,1.1135,false
2025-05-02 20:09:07,0.8058,false
2025-05-02 20:18:22,0.9399,false
2025-05-02 20:28:31,1.2391,false
2025-05-02 20:39:31,0.8245,false
2025-05-02 20:48:26,0.9553,false
2025-05-02 21:01:32,4.1004,false
2025-05-02 21:10:03,4.0999,false
2025-05-02 21:20:02,4.0374,false
2025-05-02 21:31:31,3.9999,false
2025-05-02 21:38:30,4.0779,false
2025-05-02 21:51:34,5.7483,true
2025-05-02 22:01:03,4.1220,false
2025-05-02 22:08:23,4.3651,false
2025-05-02 22:21:22,4.4625,false
2025-05-02 22:31:06,4.1109,false
2025-05-02 22:39:07,4.3578,false
2025-05-02 22:49:38,4.1812,false
2025-05-02 23:01:07,4.3682,false
2025-05-02 23:11:22,4.2976,false
2025-05-02 23:19:32,4.5039,false
2025-05-02 23:28:42,4.6083,false
2025-05-02 23:41:24,4.6156,false
2025-05-02 23:49:56,4.4180,false
2025-05-03 00:00:26,4.5639,false
2025-05-03 00:11:02,4.4993,false
2025-05-03 00:21:18,4.5848,false
2025-05-03 00:31:30,4.8309,false
2025-05-03 00:40:46,5.0118,true
2025-05-03 00:50:52,4.9516,false
2025-05-03 01:01:32,4.7233,false
2025-05-03 01:11:28,5.0712,true
2025-05-03 01:20:56,4.9063,false
2025-05-03 01:31:04,4.9374,false
2025-05-03 01:40:52,5.3319,true
2025-05-03 01:50:02,4.9914,false
2025-05-03 02:00:14,5.1011,true
2025-05-03 02:09:30,2.2431,false
2025-05-03 02:21:23,2.1492,false
2025-05-03 02:30:58,2.1638,false
2025-05-03 02:40:58,2.1683,false
2025-05-03 02:49:57,2.2303,false
2025-05-03 02:58:45,2.1952,false
2025-05-03 03:08:47,2.1459,false
2025-05-03 03:21:37,2.2631,false
2025-05-03 03:28:47,2.3541,false
2025-05-03 03:38:40,2.3539,false
2025-05-03 03:51:23,2.7251,false
2025-05-03 04:00:31,2.4995,false
2025-05-03 04:10:26,2.5540,false
2025-05-03 04:20:38,2.3836,false
2025-05-03 04:30:30,2.5608,false
2025-05-03 04:40:42,2.5173,false
2025-05-03 04:49:48,2.4110,false
2025-05-03 04:59:49,2.4397,false
2025-05-03 05:08:44,2.6156,false
2025-05-03 05:20:39,2.7138,false
2025-05-03 05:29:32,2.7867,false
2025-05-03 05:40:08,2.7238,false
2025-05-03 05:48:32,2.4252,false
2025-05-03 06:00:49,2.4056,false
2025-05-03 06:08:57,2.4999,false
2025-05-03 06:18:28,2.7524,false
2025-05-03 06:31:21,2.6521,false
2025-05-03 06:40:51,2.7284,false
2025-05-03 06:48:50,2.4879,false
2025-05-03 07:00:05,14.5525,true
2025-05-03 07:09:55,2.5926,false
2025-05-03 07:20:13,2.3807,false
2025-05-03 07:28:34,2.3688,false
2025-05-03 07:40:40,2.5803,false
2025-05-03 07:51:11,2.3822,false
2025-05-03 07:59:33,2.4970,false
2025-05-03 08:09:49,2.4381,false
2025-05-03 08:19:03,2.5349,false
2025-05-03 08:30:35,2.5756,false
2025-05-03 08:39:56,2.4363,false
2025-05-03 08:50:02,2.3179,false
2025-05-03 08:58:36,2.5911,false
2025-05-03 09:10:13,2.2963,false
2025-05-03 09:20:03,2.1186,false
2025-05-03 09:30:39,2.0723,false
2025-05-03 09:41:37,2.0552,false
2025-05-03 09:49:15,2.0046,false
2025-05-03 09:58:44,2.3509,false
2025-05-03 10:11:19,2.2982,false
2025-05-03 10:21:30,2.2487,false
2025-05-03 10:30:38,1.8602,false
2025-05-03 10:39:29,1.8947,false
2025-05-03 10:48:40,1.8000,false
2025-05-03 10:59:24,2.0636,false
2025-05-03 11:10:34,1.7659,false
2025-05-03 11:19:15,2.0290,false
2025-05-03 11:31:23,6.6807,true
2025-05-03 11:38:43,6.8390,true
2025-05-03 11:51:12,1.6737,false
2025-05-03 12:01:38,1.7546,false
2025-05-03 12:10:11,1.5247,false
2025-05-03 12:21:37,1.6468,false
2025-05-03 12:28:50,1.7865,false
2025-05-03 12:40:32,1.7500,false
2025-05-03 12:51:00,1.6128,false
2025-05-03 12:59:51,1.4167,false
2025-05-03 13:08:26,1.5815,false
2025-05-03 13:20:44,1.3251,false
2025-05-03 13:28:29,1.3608,false
2025-05-03 13:41:39,1.4154,false
2025-05-03 13:50:58,1.0839,false
2025-05-03 14:00:17,1.0998,false
2025-05-03 14:08:43,1.0232,false
2025-05-03 14:19:55,1.1913,false
2025-05-03 14:29:56,1.0029,false
2025-05-03 14:40:07,1.0582,false
2025-05-03 14:50:53,1.2470,false
2025-05-03 15:01:21,1.0264,false
2025-05-03 15:08:43,0.8370,false
2025-05-03 15:18:27,0.9649,false
2025-05-03 15:29:35,1.1749,false
2025-05-03 15:38:56,1.0194,false
2025-05-03 15:49:25,1.1483,false
2025-05-03 15:59:24,1.1773,false
2025-05-03 16:08:53,0.9261,false
2025-05-03 16:19:34,1.0286,false
2025-05-03 16:31:17,1.2124,false
2025-05-03 16:38:32,0.9829,false
2025-05-03 16:49:30,0.7597,false
2025-05-03 16:59:46,0.7846,false
2025-05-03 17:10:56,0.9852,false
2025-05-03 17:20:54,1.1096,false
2025-05-03 17:29:32,1.2014,false
2025-05-03 17:40:49,0.8668,false
2025-05-03 17:49:56,0.8667,false
2025-05-03 17:59:43,0.8730,false
2025-05-03 18:10:27,0.8865,false
2025-05-03 18:20:13,0.9258,false
2025-05-03 18:30:54,1.3216,false
2025-05-03 18:40:06,1.0506,false
2025-05-03 18:50:57,1.0346,false
2025-05-03 19:01:22,1.3810,false
2025-05-03 19:08:42,1.1445,false
2025-05-03 19:19:14,1.1377,false
2025-05-03 19:28:58,1.0657,false
2025-05-03 19:39:39,1.3993,false
2025-05-03 19:49:38,1.5251,false
2025-05-03 20:00:10,1.6184,false
2025-05-03 20:08:24,1.3107,false
2025-05-03 20:19:39,1.3047,false
2025-05-03 20:30:55,1.7072,false
2025-05-03 20:41:35,1.6770,false
2025-05-03 20:49:59,1.4486,false
2025-05-03 20:59:09,1.7791,false
2025-05-03 21:11:13,4.8799,false
2025-05-03 21:19:03,4.7616,false
2025-05-03 21:28:26,5.0407,true
2025-05-03 21:38:57,4.7856,false
2025-05-03 21:50:02,4.9347,false
2025-05-03 21:58:28,5.2333,true
2025-05-03 22:11:01,5.2462,true
2025-05-03 22:21:26,5.2413,true
2025-05-03 22:31:12,5.4701,true
2025-05-03 22:38:32,5.4941,true
2025-05-03 22:50:39,5.5395,true
2025-05-03 22:59:59,5.6279,true
2025-05-03 23:10:11,5.2629,true
2025-05-03 23:21:25,5.5537,true
2025-05-03 23:31:02,5.7008,true
2025-05-03 23:38:35,5.8324,true
2025-05-03 23:51:06,5.9656,true
2025-05-03 23:59:08,5.9731,true
2025-05-04 00:08:45,5.8536,true
2025-05-04 00:18:26,6.0415,true
2025-05-04 00:28:27,5.8356,true
2025-05-04 00:40:58,5.9900,true
2025-05-04 00:51:07,5.8963,true
2025-05-04 01:00:28,7.6283,true
2025-05-04 01:09:46,6.0418,true
2025-05-04 01:21:27,6.2453,true
2025-05-04 01:29:48,6.3314,true
2025-05-04 01:41:28,6.6343,true
2025-05-04 01:50:46,6.6787,true
2025-05-04 02:00:10,6.6111,true
2025-05-04 02:08:22,3.8128,false
2025-05-04 02:21:11,3.5487,false
2025-05-04 02:31:14,3.7117,false
2025-05-04 02:41:04,3.7104,false
2025-05-04 02:50:12,3.6724,false
2025-05-04 02:59:49,4.0574,false
2025-05-04 03:10:13,3.6724,false
2025-05-04 03:20:43,3.9402,false
2025-05-04 03:29:21,3.9174,false
2025-05-04 03:41:08,4.0129,false
2025-05-04 03:50:03,4.1835,false
2025-05-04 03:59:15,3.8583,false
2025-05-04 04:10:56,3.9954,false
2025-05-04 04:19:54,4.2452,false
2025-05-04 04:30:56,4.3858,false
2025-05-04 04:38:29,4.3204,false
2025-05-04 04:50:52,4.1219,false
2025-05-04 05:01:02,4.1202,false
2025-05-04 05:11:36,4.0318,false
2025-05-04 05:18:30,4.2352,false
2025-05-04 05:30:58,4.0546,false
2025-05-04 05:39:52,4.2582,false
2025-05-04 05:49:41,4.3175,false
2025-05-04 05:59:21,4.4617,false
2025-05-04 06:10:28,4.0311,false
2025-05-04 06:20:10,4.4645,false
2025-05-04 06:30:30,4.2573,false
2025-05-04 06:41:17,4.4768,false
2025-05-04 06:49:54,4.2866,false
2025-05-04 06:59:09,4.0523,false
2025-05-04 07:09:33,4.4324,false
2025-05-04 07:19:28,4.3492,false
2025-05-04 07:29:45,4.1600,false
2025-05-04 07:41:14,4.0386,false
2025-05-04 07:51:25,4.3234,false
2025-05-04 08:00:06,3.8222,false
2025-05-04 08:10:06,4.1335,false
2025-05-04 08:20:23,4.1056,false
2025-05-04 08:30:40,3.9081,false
2025-05-04 08:39:05,3.6958,false
2025-05-04 08:50:08,4.0759,false
2025-05-04 09:00:40,5.5618,true
2025-05-04 09:09:17,3.6108,false
2025-05-04 09:19:04,3.7797,false
2025-05-04 09:29:06,3.5793,false
2025-05-04 09:38:37,3.7211,false
2025-05-04 09:50:27,3.4421,false
2025-05-04 09:58:25,3.6733,false
2025-05-04 10:11:07,3.2980,false
2025-05-04 10:19:46,3.4897,false
2025-05-04 10:28:20,3.3148,false
2025-05-04 10:40:56,3.0665,false
2025-05-04 10:50:12,3.4390,false
2025-05-04 10:58:34,2.9796,false
2025-05-04 11:09:43,3.2283,false
2025-05-04 11:19:57,3.2888,false
2025-05-04 11:28:43,3.2097,false
2025-05-04 11:41:26,7.7710,true
2025-05-04 11:50:41,2.6475,false
2025-05-04 11:59:43,2.9989,false
2025-05-04 12:08:58,2.5104,false
2025-05-04 12:20:02,2.7119,false
2025-05-04 12:28:28,2.6040,false
2025-05-04 12:39:43,2.4812,false
2025-05-04 12:50:21,2.5231,false
2025-05-04 13:00:42,3.9824,true
2025-05-04 13:11:28,2.1598,false
2025-05-04 13:20:37,2.5347,false
2025-05-04 13:28:56,2.0804,false
2025-05-04 13:39:08,2.2572,false
2025-05-04 13:49:59,2.1233,false
2025-05-04 13:58:25,2.2276,false
2025-05-04 14:08:45,2.0004,false
2025-05-04 14:21:27,2.1161,false
2025-05-04 14:29:35,1.8674,false
2025-05-04 14:40:31,1.5685,false
2025-05-04 14:50:57,1.5643,false
2025-05-04 14:59:53,1.6409,false
2025-05-04 15:11:02,1.6150,false
2025-05-04 15:20:00,1.5259,false
2025-05-04 15:31:16,1.6507,false
2025-05-04 15:40:37,1.4119,false
2025-05-04 15:49:41,1.5377,false
2025-05-04 16:00:29,1.3198,false
2025-05-04 16:08:28,1.4403,false
2025-05-04 16:18:58,1.4124,false
2025-05-04 16:29:11,1.0768,false
2025-05-04 16:40:16,1.1721,false
2025-05-04 16:49:32,1.0647,false
2025-05-04 16:59:20,1.2410,false
2025-05-04 17:11:01,1.0754,false
2025-05-04 17:19:49,1.2868,false
2025-05-04 17:28:48,1.2905,false
2025-05-04 17:39:21,0.9766,false
2025-05-04 17:48:57,1.0205,false
2025-05-04 17:59:25,1.1907,false
2025-05-04 18:08:39,0.9804,false
2025-05-04 18:20:51,1.1301,false
2025-05-04 18:29:01,1.0883,false
2025-05-04 18:41:29,0.7491,false
2025-05-04 18:50:22,0.8451,false
2025-05-04 19:00:57,0.8489,false
2025-05-04 19:11:09,1.0227,false
2025-05-04 19:20:13,0.8909,false
2025-05-04 19:29:38,1.0932,false
2025-05-04 19:38:20,0.9511,false
2025-05-04 19:51:37,0.7738,false
2025-05-04 19:59:35,0.7712,false
2025-05-04 20:08:30,1.1728,false
2025-05-04 20:18:39,1.1859,false
2025-05-04 20:31:26,0.9804,false
2025-05-04 20:40:50,0.8956,false
2025-05-04 20:51:22,0.9671,false
2025-05-04 21:01:25,4.1309,false
2025-05-04 21:10:21,4.2790,false
2025-05-04 21:20:30,4.1481,false
2025-05-04 21:30:24,4.2341,false
2025-05-04 21:38:52,4.2976,false
2025-05-04 21:51:29,5.5046,true
2025-05-04 22:01:29,4.2300,false
2025-05-04 22:09:10,4.2087,false
2025-05-04 22:20:11,4.1259,false
2025-05-04 22:28:44,4.5460,false
2025-05-04 22:40:02,4.6127,false
2025-05-04 22:51:34,4.5310,false
2025-05-04 23:00:55,4.5669,false
2025-05-04 23:10:38,4.3147,false
2025-05-04 23:19:02,4.5176,false
2025-05-04 23:31:09,4.5164,false
2025-05-04 23:40:10,4.6070,false
2025-05-04 23:48:43,4.6941,false
2025-05-04 23:59:04,4.6443,false
2025-05-05 00:08:23,4.7557,false
2025-05-05 00:20:20,4.8876,false
2025-05-05 00:30:38,4.8029,false
2025-05-05 00:40:35,4.6935,false
2025-05-05 00:50:29,4.8505,false
2025-05-05 00:58:33,4.9297,false
2025-05-05 01:09:14,5.0381,true
2025-05-05 01:21:12,4.8289,false
2025-05-05 01:28:52,4.9883,false
2025-05-05 01:39:07,5.1183,true
2025-05-05 01:50:36,5.0633,true
2025-05-05 01:59:12,5.2874,true
2025-05-05 02:08:39,2.3539,false
2025-05-05 02:20:43,2.0161,false
2025-05-05 02:30:11,2.3296,false
2025-05-05 02:38:53,2.2807,false
2025-05-05 02:50:38,2.2428,false
2025-05-05 03:00:37,2.6088,false
2025-05-05 03:10:25,2.2463,false
2025-05-05 03:19:34,2.2381,false
2025-05-05 03:31:16,2.3142,false
2025-05-05 03:41:11,2.5661,false
2025-05-05 03:51:21,2.5572,false
2025-05-05 04:00:49,2.5776,false
2025-05-05 04:09:18,2.4967,false
2025-05-05 04:19:50,2.6045,false
2025-05-05 04:31:26,2.6887,false
2025-05-05 04:40:55,2.6619,false
2025-05-05 04:48:43,2.4600,false
2025-05-05 05:01:16,2.3874,false
2025-05-05 05:11:00,2.8415,false
2025-05-05 05:19:19,2.4724,false
2025-05-05 05:28:25,2.5848,false
2025-05-05 05:41:09,2.6354,false
2025-05-05 05:49:21,2.8620,false
2025-05-05 05:58:35,2.8568,false
2025-05-05 06:10:12,2.6364,false
2025-05-05 06:19:29,2.4774,false
2025-05-05 06:29:15,2.8585,false
2025-05-05 06:41:02,2.8183,false
2025-05-05 06:48:55,2.7699,false
2025-05-05 06:59:32,2.7107,false
2025-05-05 07:08:59,2.7975,false
2025-05-05 07:19:27,2.6870,false
2025-05-05 07:29:21,2.6474,false
2025-05-05 07:41:06,2.3917,false
2025-05-05 07:50:47,2.6672,false
2025-05-05 08:00:39,2.7279,false
2025-05-05 08:09:15,2.5574,false
2025-05-05 08:19:42,2.2295,false
2025-05-05 08:28:53,2.2219,false
2025-05-05 08:41:04,2.5068,false
2025-05-05 08:49:26,2.3819,false
2025-05-05 08:59:53,2.5939,false
2025-05-05 09:09:10,2.4371,false
2025-05-05 09:19:00,2.1905,false
2025-05-05 09:29:18,2.3027,false
2025-05-05 09:39:49,2.2531,false
2025-05-05 09:51:16,3.5161,true
2025-05-05 09:58:36,2.3328,false
2025-05-05 10:08:29,2.0710,false
2025-05-05 10:20:43,2.0235,false
2025-05-05 10:31:02,1.9842,false
2025-05-05 10:39:24,1.8572,false
2025-05-05 10:49:42,1.7544,false
2025-05-05 11:01:32,2.0365,false
2025-05-05 11:10:49,1.7577,false
2025-05-05 11:20:48,1.8980,false
2025-05-05 11:29:14,1.6367,false
2025-05-05 11:41:22,6.7122,true
2025-05-05 11:49:47,1.8319,false
2025-05-05 11:59:57,1.4808,false
2025-05-05 12:09:42,1.7450,false
2025-05-05 12:20:17,1.4310,false
2025-05-05 12:28:53,1.5455,false
2025-05-05 12:38:24,1.2866,false
2025-05-05 12:49:10,1.2888,false
2025-05-05 13:00:29,2.9040,true
2025-05-05 13:10:52,1.2560,false
2025-05-05 13:19:29,1.3378,false
2025-05-05 13:31:11,1.1648,false
2025-05-05 13:41:06,1.0818,false
2025-05-05 13:51:32,3.0260,true
2025-05-05 14:00:11,1.2205,false
2025-05-05 14:10:06,1.0010,false
2025-05-05 14:18:41,1.3227,false
2025-05-05 14:30:36,1.0014,false
2025-05-05 14:40:59,0.9145,false
2025-05-05 14:48:51,1.0913,false
2025-05-05 14:58:59,0.8705,false
2025-05-05 15:08:38,0.9365,false
2025-05-05 15:19:15,1.0030,false
2025-05-05 15:30:12,0.8358,false
2025-05-05 15:41:11,1.2370,false
2025-05-05 15:48:40,0.8913,false
2025-05-05 16:00:20,1.2141,false
2025-05-05 16:08:26,0.9009,false
2025-05-05 16:18:20,0.7886,false
2025-05-05 16:29:11,0.8684,false
2025-05-05 16:40:38,1.1813,false
2025-05-05 16:50:14,0.8046,false
2025-05-05 17:01:15,0.8109,false
2025-05-05 17:08:30,1.1915,false
2025-05-05 17:20:34,1.0191,false
2025-05-05 17:30:26,0.9347,false
2025-05-05 17:41:12,1.1179,false
2025-05-05 17:48:27,1.1255,false
2025-05-05 17:59:27,0.9159,false
2025-05-05 18:09:09,1.1884,false
2025-05-05 18:19:15,1.3085,false
2025-05-05 18:30:35,0.9147,false
2025-05-05 18:40:29,1.3251,false
2025-05-05 18:50:56,1.2913,false
2025-05-05 19:00:45,0.9831,false
2025-05-05 19:10:54,1.1589,false
2025-05-05 19:20:50,1.4296,false
2025-05-05 19:28:57,1.1849,false
2025-05-05 19:39:33,1.3354,false
2025-05-05 19:49:09,1.6194,false
2025-05-05 19:58:53,1.3970,false
2025-05-05 20:10:01,1.5264,false
2025-05-05 20:19:10,1.4095,false
2025-05-05 20:29:12,1.7231,false
2025-05-05 20:41:07,1.6550,false
2025-05-05 20:48:37,1.4609,false
2025-05-05 21:01:17,4.5160,false
2025-05-05 21:09:02,4.6635,false
2025-05-05 21:20:24,4.9309,false
2025-05-05 21:30:06,4.7997,false
2025-05-05 21:39:33,4.8291,false
2025-05-05 21:51:35,6.6812,true
2025-05-05 22:01:26,5.3019,true
2025-05-05 22:09:58,5.0844,true
2025-05-05 22:21:18,5.2683,true
2025-05-05 22:31:03,5.1805,true
2025-05-05 22:39:33,5.2872,true
2025-05-05 22:48:55,5.2028,true
2025-05-05 23:01:21,5.5494,true
2025-05-05 23:09:49,5.5814,true
2025-05-05 23:18:33,5.5759,true
2025-05-05 23:30:21,5.8248,true
2025-05-05 23:39:43,5.6618,true
2025-05-05 23:49:55,5.7938,true
2025-05-06 00:00:52,5.7309,true
2025-05-06 00:10:15,6.0496,true
2025-05-06 00:21:00,5.7820,true
2025-05-06 00:31:02,5.8036,true
2025-05-06 00:41:14,6.2998,true
2025-05-06 00:50:11,6.0448,true
2025-05-06 00:59:07,6.3528,true
2025-05-06 01:10:04,6.2341,true
2025-05-06 01:19:27,6.3179,true
2025-05-06 01:30:06,6.2273,true
2025-05-06 01:41:37,6.6046,true
2025-05-06 01:50:12,6.4852,true
2025-05-06 02:00:25,6.3032,true
2025-05-06 02:08:33,3.4503,false
2025-05-06 02:19:00,3.8520,false
2025-05-06 02:30:37,3.5312,false
2025-05-06 02:38:24,3.5285,false
2025-05-06 02:49:16,3.6897,false
2025-05-06 03:01:11,4.0040,false
2025-05-06 03:09:56,4.1041,false
2025-05-06 03:18:58,3.6988,false
2025-05-06 03:31:06,4.0418,false
2025-05-06 03:39:05,4.0833,false
2025-05-06 03:48:44,4.0169,false
2025-05-06 04:00:44,4.2788,false
2025-05-06 04:09:23,4.3231,false
2025-05-06 04:19:27,4.0215,false
2025-05-06 04:29:56,3.9887,false
2025-05-06 04:39:23,4.2962,false
2025-05-06 04:48:48,4.0878,false
2025-05-06 04:59:51,4.1905,false
2025-05-06 05:10:47,4.0001,false
2025-05-06 05:19:41,4.4602,false
2025-05-06 05:28:53,4.3452,false
2025-05-06 05:40:19,4.0131,false
2025-05-06 05:49:02,4.2646,false
2025-05-06 05:58:22,4.4186,false
2025-05-06 06:10:40,4.1377,false
2025-05-06 06:20:29,4.1554,false
2025-05-06 06:30:22,4.4165,false
2025-05-06 06:40:16,3.9942,false
2025-05-06 06:50:16,4.3628,false
2025-05-06 07:00:55,16.1750,true
2025-05-06 07:10:18,3.9378,false
2025-05-06 07:20:22,4.3841,false
2025-05-06 07:29:50,4.1312,false
2025-05-06 07:40:53,4.0937,false
2025-05-06 07:48:47,4.2210,false
2025-05-06 07:59:16,4.0844,false
2025-05-06 08:10:25,3.8321,false
2025-05-06 08:20:07,4.0971,false
2025-05-06 08:29:56,3.7253,false
2025-05-06 08:38:45,4.1522,false
2025-05-06 08:48:33,4.1238,false
2025-05-06 09:00:21,5.4271,true
2025-05-06 09:09:01,3.7351,false
2025-05-06 09:19:34,3.8570,false
2025-05-06 09:28:37,3.7915,false
2025-05-06 09:38:57,3.5735,false
2025-05-06 09:50:36,3.5357,false
2025-05-06 09:59:23,3.5453,false
2025-05-06 10:11:29,3.2486,false
2025-05-06 10:18:33,3.6443,false
2025-05-06 10:28:21,3.5829,false
2025-05-06 10:38:34,3.1454,false
2025-05-06 10:51:12,3.0199,false
2025-05-06 11:00:52,3.0059,false
2025-05-06 11:11:25,3.2437,false
2025-05-06 11:19:09,3.0246,false
2025-05-06 11:29:51,2.8424,false
2025-05-06 11:38:42,8.0197,true
2025-05-06 11:49:35,2.9788,false
2025-05-06 11:59:01,2.6135,false
2025-05-06 12:09:48,2.6927,false
2025-05-06 12:20:40,2.4938,false
2025-05-06 12:30:45,2.7633,false
2025-05-06 12:40:41,2.5358,false
2025-05-06 12:48:57,2.4550,false
2025-05-06 13:00:28,3.8795,true
2025-05-06 13:11:03,2.1446,false
2025-05-06 13:20:22,2.3225,false
2025-05-06 13:31:07,2.2833,false
2025-05-06 13:40:30,2.3395,false
2025-05-06 13:49:59,2.1443,false
2025-05-06 13:59:11,1.9503,false
2025-05-06 14:10:32,1.8512,false
2025-05-06 14:19:21,1.8982,false
2025-05-06 14:28:48,1.6325,false
2025-05-06 14:40:09,1.6541,false
2025-05-06 14:48:41,1.5588,false
2025-05-06 15:00:22,1.5211,false
2025-05-06 15:09:23,1.4316,false
2025-05-06 15:19:14,1.4100,false
2025-05-06 15:29:00,1.7128,false
2025-05-06 15:39:19,1.6575,false
2025-05-06 15:50:13,1.6217,false
2025-05-06 15:59:19,1.2114,false
2025-05-06 16:10:37,1.5320,false
2025-05-06 16:18:37,1.5000,false
2025-05-06 16:30:01,1.4886,false
2025-05-06 16:39:38,1.1263,false
2025-05-06 16:48:36,1.2188,false
2025-05-06 17:01:10,1.4265,false
2025-05-06 17:10:38,1.3562,false
2025-05-06 17:21:32,1.0144,false
2025-05-06 17:28:23,1.2016,false
2025-05-06 17:40:46,1.2753,false
2025-05-06 17:51:38,2.5677,true
2025-05-06 17:58:27,0.8031,false
2025-05-06 18:09:13,0.8822,false
2025-05-06 18:19:28,1.1653,false
2025-05-06 18:28:42,1.2593,false
2025-05-06 18:39:56,0.7778,false
2025-05-06 18:49:01,1.1032,false
2025-05-06 18:59:32,1.1498,false
2025-05-06 19:10:23,0.8004,false
2025-05-06 19:19:56,0.8661,false
2025-05-06 19:29:13,1.1254,false
2025-05-06 19:40:43,1.1755,false
2025-05-06 19:51:37,0.7946,false
2025-05-06 19:59:41,1.2151,false
2025-05-06 20:10:31,0.9848,false
2025-05-06 20:20:00,0.9692,false
2025-05-06 20:28:22,1.1029,false
2025-05-06 20:41:00,1.2668,false
2025-05-06 20:48:40,1.1726,false
2025-05-06 20:58:53,1.0509,false
2025-05-06 21:10:14,4.0835,false
2025-05-06 21:19:10,4.3104,false
2025-05-06 21:30:23,4.1043,false
2025-05-06 21:40:50,4.3261,false
2025-05-06 21:50:55,4.3850,false
2025-05-06 21:59:31,4.3279,false
2025-05-06 22:09:03,4.5104,false
2025-05-06 22:19:50,4.5431,false
2025-05-06 22:29:33,4.2043,false
2025-05-06 22:39:52,4.4583,false
2025-05-06 22:48:56,4.4345,false
2025-05-06 22:58:35,4.2157,false
2025-05-06 23:11:38,4.2859,false
2025-05-06 23:19:23,4.6532,false
2025-05-06 23:30:03,4.3410,false
2025-05-06 23:41:22,4.7242,false
2025-05-06 23:49:19,4.5197,false
2025-05-06 23:59:22,4.4342,false
2025-05-07 00:08:36,4.5159,false
2025-05-07 00:19:34,4.9025,false
2025-05-07 00:29:06,4.8678,false
2025-05-07 00:39:06,4.6901,false
2025-05-07 00:49:46,4.8780,false
2025-05-07 01:01:16,4.6891,false
2025-05-07 01:10:15,5.1587,true
2025-05-07 01:21:32,4.9639,false
2025-05-07 01:30:15,4.9743,false
2025-05-07 01:39:30,5.2848,true
2025-05-07 01:50:24,5.3029,true
2025-05-07 02:01:33,2.0598,false
2025-05-07 02:10:11,2.1397,false
2025-05-07 02:19:50,2.3110,false
2025-05-07 02:29:02,2.2172,false
2025-05-07 02:40:15,2.4697,false
2025-05-07 02:49:29,2.5728,false
2025-05-07 02:58:20,2.1273,false
2025-05-07 03:09:56,2.6158,false
2025-05-07 03:18:47,2.5622,false
2025-05-07 03:31:01,2.3402,false
2025-05-07 03:39:02,2.4786,false
2025-05-07 03:50:17,2.6396,false
2025-05-07 03:59:57,2.6382,false
2025-05-07 04:09:53,2.6534,false
2025-05-07 04:18:37,2.4741,false
2025-05-07 04:30:08,2.3846,false
2025-05-07 04:38:45,2.6864,false
2025-05-07 04:48:35,2.4463,false
2025-05-07 05:00:58,3.8713,true
2025-05-07 05:09:53,2.6296,false
2025-05-07 05:20:10,2.6683,false
2025-05-07 05:29:41,2.7462,false
2025-05-07 05:38:28,2.7034,false
2025-05-07 05:51:32,4.3277,true
2025-05-07 06:00:49,2.5747,false
2025-05-07 06:10:57,2.6143,false
2025-05-07 06:19:15,2.8600,false
2025-05-07 06:28:32,2.6766,false
2025-05-07 06:41:17,2.7394,false
2025-05-07 06:50:55,2.6485,false
2025-05-07 07:00:24,14.5004,true
2025-05-07 07:11:07,2.4943,false
2025-05-07 07:19:06,2.6929,false
2025-05-07 07:31:02,2.5577,false
2025-05-07 07:40:30,2.5405,false
2025-05-07 07:50:01,2.2996,false
2025-05-07 07:58:42,2.5174,false
2025-05-07 08:09:12,2.5290,false
2025-05-07 08:19:32,2.5554,false
2025-05-07 08:31:30,2.3142,false
2025-05-07 08:40:39,2.2813,false
2025-05-07 08:51:09,2.2358,false
2025-05-07 08:58:58,2.3783,false
2025-05-07 09:10:13,2.4562,false
2025-05-07 09:21:16,2.2125,false
2025-05-07 09:28:56,2.3229,false
2025-05-07 09:41:15,2.1700,false
2025-05-07 09:48:43,2.1213,false
2025-05-07 10:00:21,2.2544,false
2025-05-07 10:09:17,2.0412,false
2025-05-07 10:19:35,2.2721,false
2025-05-07 10:28:51,1.8226,false
2025-05-07 10:41:28,2.2128,false
2025-05-07 10:51:17,2.1779,false
2025-05-07 11:00:46,2.1639,false
2025-05-07 11:09:38,1.7190,false
2025-05-07 11:18:50,1.6140,false
2025-05-07 11:29:43,1.7022,false
2025-05-07 11:39:10,6.8508,true
2025-05-07 11:51:13,1.7480,false
2025-05-07 12:00:30,4.7273,true
2025-05-07 12:09:24,1.7832,false
2025-05-07 12:20:26,1.3592,false
2025-05-07 12:30:16,1.4454,false
2025-05-07 12:41:36,1.6553,false
2025-05-07 12:51:36,1.6789,false
2025-05-07 12:59:43,1.5498,false
2025-05-07 13:09:05,1.4861,false
2025-05-07 13:19:34,1.4243,false
2025-05-07 13:31:04,1.2757,false
2025-05-07 13:40:04,1.5138,false
2025-05-07 13:49:56,1.4341,false
2025-05-07 14:00:54,1.4583,false
2025-05-07 14:10:55,1.4646,false
2025-05-07 14:21:30,1.3765,false
2025-05-07 14:29:39,1.0976,false
2025-05-07 14:40:50,1.2356,false
2025-05-07 14:50:32,1.2712,false
2025-05-07 15:01:22,1.2550,false
2025-05-07 15:11:37,0.9017,false
2025-05-07 15:21:26,1.0571,false
2025-05-07 15:29:18,0.9098,false
2025-05-07 15:41:28,0.8581,false
2025-05-07 15:49:48,0.9149,false
2025-05-07 16:00:56,1.2327,false
2025-05-07 16:10:56,0.8820,false
2025-05-07 16:19:51,1.0457,false
2025-05-07 16:28:21,1.0933,false
2025-05-07 16:40:37,1.0077,false
2025-05-07 16:51:14,0.9105,false
2025-05-07 16:58:30,1.0854,false
2025-05-07 17:08:54,1.1036,false
2025-05-07 17:21:00,1.0731,false
2025-05-07 17:28:51,0.8924,false
2025-05-07 17:39:54,0.9080,false
2025-05-07 17:50:45,0.8557,false
2025-05-07 18:01:15,0.9037,false
2025-05-07 18:09:18,0.8524,false
2025-05-07 18:21:26,1.0256,false
2025-05-07 18:30:21,1.0896,false
2025-05-07 18:38:34,1.3478,false
2025-05-07 18:50:24,1.1757,false
2025-05-07 18:59:25,1.2884,false
2025-05-07 19:11:31,1.0207,false
2025-05-07 19:21:22,1.1067,false
2025-05-07 19:29:04,1.4805,false
2025-05-07 19:40:58,1.1714,false
2025-05-07 19:49:45,1.3623,false
2025-05-07 20:00:16,1.6416,false
2025-05-07 20:09:15,1.6160,false
2025-05-07 20:18:41,1.4783,false
2025-05-07 20:30:51,1.3856,false
2025-05-07 20:40:28,1.8325,false
2025-05-07 20:48:33,1.4958,false
2025-05-07 21:00:49,9.0988,true
2025-05-07 21:10:11,4.7053,false
2025-05-07 21:20:29,4.9087,false
2025-05-07 21:28:46,5.0227,true
2025-05-07 21:39:53,5.1437,true
2025-05-07 21:51:13,6.3563,true
2025-05-07 22:01:35,5.2989,true
2025-05-07 22:09:21,5.0701,true
2025-05-07 22:18:51,5.3707,true
2025-05-07 22:31:05,5.1039,true
2025-05-07 22:40:40,5.5183,true
2025-05-07 22:48:36,5.5357,true
2025-05-07 22:58:23,5.5567,true
2025-05-07 23:09:40,5.7219,true
2025-05-07 23:18:23,5.6271,true
2025-05-07 23:28:58,5.5305,true
2025-05-07 23:40:30,5.9105,true
2025-05-07 23:50:10,5.9226,true
