2025-05-12 00:00:04,12.9056,false
2025-05-12 00:01:03,13.6220,false
2025-05-12 00:02:00,10.8480,false
2025-05-12 00:03:01,12.4293,false
2025-05-12 00:03:56,13.6759,false
2025-05-12 00:05:04,13.1809,false
2025-05-12 00:06:04,10.5337,false
2025-05-12 00:07:00,13.4860,false
2025-05-12 00:07:55,10.3167,false
2025-05-12 00:09:02,12.0509,false
2025-05-12 00:10:03,14.5220,true
2025-05-12 00:10:55,10.9790,false
2025-05-12 00:11:59,10.6932,false
2025-05-12 00:12:59,14.9509,true
2025-05-12 00:13:59,12.7870,false
2025-05-12 00:14:55,11.1175,false
2025-05-12 00:16:01,11.0101,false
2025-05-12 00:17:03,13.2656,false
2025-05-12 00:18:04,13.2886,false
2025-05-12 00:19:00,12.6323,false
2025-05-12 00:20:04,10.2471,false
2025-05-12 00:21:02,12.4292,false
2025-05-12 00:21:56,10.1161,false
2025-05-12 00:23:04,10.3339,false
2025-05-12 00:24:00,10.9929,false
2025-05-12 00:24:58,12.2301,false
2025-05-12 00:26:02,11.4786,false
2025-05-12 00:27:04,12.5507,false
2025-05-12 00:27:57,14.0866,true
2025-05-12 00:28:56,11.1576,false
2025-05-12 00:29:59,12.2116,false
2025-05-12 00:31:01,10.2664,false
2025-05-12 00:32:00,12.5766,false
2025-05-12 00:33:04,12.0450,false
2025-05-12 00:34:04,13.5016,false
2025-05-12 00:34:59,14.1818,true
2025-05-12 00:36:03,10.8487,false
2025-05-12 00:37:00,10.7337,false
2025-05-12 00:37:59,14.7633,true
2025-05-12 00:38:57,13.1079,false
2025-05-12 00:40:00,13.9801,false
2025-05-12 00:40:59,12.3596,false
2025-05-12 00:42:04,13.2102,false
2025-05-12 00:42:55,11.4353,false
2025-05-12 00:44:01,11.9463,false
2025-05-12 00:44:57,11.5872,false
2025-05-12 00:45:55,13.5001,false
2025-05-12 00:47:01,13.5314,false
2025-05-12 00:48:01,11.0978,false
2025-05-12 00:49:00,14.9560,true
2025-05-12 00:50:04,10.9934,false
2025-05-12 00:51:00,11.7768,false
2025-05-12 00:51:59,14.0572,true
2025-05-12 00:52:58,10.8684,false
2025-05-12 00:53:55,10.7117,false
2025-05-12 00:54:55,11.0173,false
2025-05-12 00:55:57,10.6038,false
2025-05-12 00:57:00,11.1261,false
2025-05-12 00:57:57,14.0599,true
2025-05-12 00:59:01,12.4589,false
2025-05-12 00:59:56,13.6734,false
2025-05-12 01:01:01,14.0196,true
2025-05-12 01:02:04,12.9317,false
2025-05-12 01:02:56,12.3473,false
2025-05-12 01:04:04,13.1281,false
2025-05-12 01:04:59,13.1527,false
2025-05-12 01:05:55,13.2906,false
2025-05-12 01:06:56,14.2979,true
2025-05-12 01:07:56,12.6908,false
2025-05-12 01:08:55,13.2014,false
2025-05-12 01:09:56,10.6546,false
2025-05-12 01:10:59,13.3548,false
2025-05-12 01:11:57,14.5170,true
2025-05-12 01:13:02,12.7024,false
2025-05-12 01:13:58,10.5283,false
2025-05-12 01:15:03,12.6903,false
2025-05-12 01:16:01,11.5070,false
2025-05-12 01:16:55,12.2645,false
2025-05-12 01:18:02,10.2028,false
2025-05-12 01:18:55,14.1640,true
2025-05-12 01:19:58,10.0237,false
2025-05-12 01:21:02,14.6103,true
2025-05-12 01:21:57,12.1523,false
2025-05-12 01:23:04,10.0031,false
2025-05-12 01:23:59,10.4560,false
2025-05-12 01:25:02,12.0942,false
2025-05-12 01:25:59,11.9998,false
2025-05-12 01:27:00,13.4850,false
2025-05-12 01:27:55,12.1919,false
2025-05-12 01:29:04,12.6712,false
2025-05-12 01:29:59,13.1539,false
2025-05-12 01:30:55,10.5334,false
2025-05-12 01:31:57,12.7755,false
2025-05-12 01:32:59,10.4908,false
2025-05-12 01:33:55,11.7932,false
2025-05-12 01:35:00,11.3531,false
2025-05-12 01:36:03,12.1807,false
2025-05-12 01:37:01,11.0127,false
2025-05-12 01:38:03,11.4241,false
2025-05-12 01:39:04,10.0855,false
2025-05-12 01:39:59,14.0947,true
2025-05-12 01:40:58,12.6685,false
2025-05-12 01:41:59,13.8450,false
2025-05-12 01:43:00,12.3778,false
2025-05-12 01:44:00,12.6791,false
2025-05-12 01:44:59,14.0965,true
2025-05-12 01:46:00,13.6957,false
2025-05-12 01:46:56,13.4654,false
2025-05-12 01:47:57,13.7680,false
2025-05-12 01:48:57,14.8392,true
2025-05-12 01:50:02,12.8900,false
2025-05-12 01:51:00,10.6342,false
2025-05-12 01:52:04,11.3517,false
2025-05-12 01:52:57,13.8607,false
2025-05-12 01:54:01,12.2015,false
2025-05-12 01:54:59,10.8331,false
2025-05-12 01:56:04,13.5067,false
2025-05-12 01:56:57,14.1340,true
2025-05-12 01:57:58,13.7876,false
2025-05-12 01:58:55,12.4980,false
2025-05-12 01:59:59,12.9431,false
2025-05-12 02:01:00,14.9928,true
2025-05-12 02:02:03,13.7616,false
2025-05-12 02:02:59,10.4415,false
2025-05-12 02:03:55,14.9871,true
2025-05-12 02:05:00,11.0346,false
2025-05-12 02:05:59,12.9991,false
2025-05-12 02:07:00,13.4760,false
2025-05-12 02:07:59,11.1247,false
2025-05-12 02:08:55,11.2153,false
2025-05-12 02:10:02,13.7917,false
2025-05-12 02:10:59,12.5085,false
2025-05-12 02:12:04,10.6684,false
2025-05-12 02:12:55,11.2733,false
2025-05-12 02:13:59,11.2961,false
2025-05-12 02:14:56,12.1668,false
2025-05-12 02:15:55,14.5103,true
2025-05-12 02:17:02,10.8453,false
2025-05-12 02:18:04,10.2616,false
2025-05-12 02:18:56,11.4488,false
2025-05-12 02:19:55,12.1381,false
2025-05-12 02:20:56,13.8411,false
2025-05-12 02:21:58,11.3336,false
2025-05-12 02:22:59,14.7225,true
2025-05-12 02:24:00,14.5859,true
2025-05-12 02:25:03,10.4698,false
2025-05-12 02:26:03,10.2196,false
2025-05-12 02:26:56,13.0508,false
2025-05-12 02:27:58,14.0244,true
2025-05-12 02:29:03,12.0428,false
2025-05-12 02:29:55,13.6005,false
2025-05-12 02:31:01,11.0164,false
2025-05-12 02:32:01,10.3278,false
2025-05-12 02:33:01,11.5991,false
2025-05-12 02:33:55,11.7467,false
2025-05-12 02:35:02,13.9280,false
2025-05-12 02:36:04,14.6426,true
2025-05-12 02:36:59,10.6201,false
2025-05-12 02:37:57,10.9539,false
2025-05-12 02:39:04,14.9474,true
2025-05-12 02:40:02,13.0418,false
2025-05-12 02:40:56,12.0106,false
2025-05-12 02:42:04,14.9299,true
2025-05-12 02:43:03,13.8944,false
2025-05-12 02:43:57,12.7906,false
2025-05-12 02:45:03,10.9333,false
2025-05-12 02:46:01,10.4650,false
2025-05-12 02:47:03,10.1549,false
2025-05-12 02:48:02,13.7120,false
2025-05-12 02:48:57,10.3201,false
2025-05-12 02:49:57,13.2294,false
2025-05-12 02:50:55,10.0978,false
2025-05-12 02:51:56,14.0620,true
2025-05-12 02:52:55,13.6542,false
2025-05-12 02:53:56,10.1109,false
2025-05-12 02:54:58,14.8278,true
2025-05-12 02:56:00,12.3356,false
2025-05-12 02:56:57,14.3705,true
2025-05-12 02:58:02,14.8029,true
2025-05-12 02:58:58,11.8008,false
2025-05-12 02:59:55,10.3500,false
2025-05-12 03:00:59,10.4051,false
2025-05-12 03:01:55,13.7240,false
2025-05-12 03:03:04,12.9485,false
2025-05-12 03:04:01,13.4191,false
2025-05-12 03:04:55,14.0867,true
2025-05-12 03:06:03,14.5651,true
2025-05-12 03:06:59,14.1476,true
2025-05-12 03:08:02,11.3204,false
2025-05-12 03:08:55,12.0079,false
2025-05-12 03:09:58,12.9725,false
2025-05-12 03:10:59,10.8953,false
2025-05-12 03:12:00,10.6484,false
2025-05-12 03:12:58,11.9256,false
2025-05-12 03:13:57,13.4942,false
2025-05-12 03:15:04,12.4457,false
2025-05-12 03:15:56,14.2311,true
2025-05-12 03:16:57,14.8535,true
2025-05-12 03:18:04,12.5887,false
2025-05-12 03:19:03,10.7517,false
2025-05-12 03:20:04,14.1429,true
2025-05-12 03:21:01,10.5337,false
2025-05-12 03:21:56,13.0541,false
2025-05-12 03:23:01,13.1090,false
2025-05-12 03:23:57,12.9352,false
2025-05-12 03:25:04,14.5937,true
2025-05-12 03:26:02,10.6994,false
2025-05-12 03:26:56,11.7757,false
2025-05-12 03:27:55,13.7320,false
2025-05-12 03:29:04,13.4738,false
2025-05-12 03:30:01,14.7571,true
2025-05-12 03:30:57,14.5735,true
2025-05-12 03:32:00,13.0450,false
2025-05-12 03:32:57,14.1242,true
2025-05-12 03:34:03,10.5119,false
2025-05-12 03:35:02,11.0790,false
2025-05-12 03:36:02,14.1793,true
2025-05-12 03:36:59,10.2457,false
2025-05-12 03:37:56,11.6829,false
2025-05-12 03:38:59,14.5009,true
2025-05-12 03:39:59,11.8044,false
2025-05-12 03:41:02,12.5444,false
2025-05-12 03:42:04,10.7820,false
2025-05-12 03:43:02,10.1414,false
2025-05-12 03:44:01,14.2230,true
2025-05-12 03:45:04,10.7499,false
2025-05-12 03:46:04,12.6295,false
2025-05-12 03:47:02,13.1338,false
2025-05-12 03:47:55,12.4571,false
2025-05-12 03:49:04,12.2065,false
2025-05-12 03:50:04,11.0618,false
2025-05-12 03:50:55,12.1636,false
2025-05-12 03:52:03,11.4755,false
2025-05-12 03:52:58,14.4739,true
2025-05-12 03:53:58,10.1890,false
2025-05-12 03:55:04,14.7363,true
2025-05-12 03:55:59,11.5811,false
2025-05-12 03:56:59,14.3549,true
2025-05-12 03:57:59,12.7361,false
2025-05-12 03:58:59,11.5748,false
2025-05-12 03:59:55,14.1235,true
2025-05-12 04:00:55,12.9265,false
2025-05-12 04:01:58,13.7130,false
2025-05-12 04:02:59,11.5095,false
2025-05-12 04:04:00,13.9625,false
2025-05-12 04:05:01,14.4614,true
2025-05-12 04:05:55,14.1173,true
2025-05-12 04:06:55,10.7128,false
2025-05-12 04:07:55,12.3450,false
2025-05-12 04:08:56,10.0969,false
2025-05-12 04:10:00,11.2683,false
2025-05-12 04:11:02,11.4300,false
2025-05-12 04:11:59,10.5698,false
2025-05-12 04:12:56,12.0612,false
2025-05-12 04:14:02,14.2223,true
2025-05-12 04:15:01,10.2771,false
2025-05-12 04:15:57,14.9325,true
2025-05-12 04:17:02,10.5500,false
2025-05-12 04:17:59,13.6050,false
2025-05-12 04:19:04,13.8333,false
2025-05-12 04:19:55,13.9907,false
2025-05-12 04:20:59,14.8991,true
2025-05-12 04:21:56,14.3647,true
2025-05-12 04:22:58,10.8848,false
2025-05-12 04:23:57,12.7139,false
2025-05-12 04:24:57,11.6141,false
2025-05-12 04:25:55,14.1013,true
2025-05-12 04:26:59,14.2758,true
2025-05-12 04:27:58,10.0343,false
2025-05-12 04:28:55,10.1587,false
2025-05-12 04:29:59,13.7134,false
2025-05-12 04:30:57,13.0399,false
2025-05-12 04:31:57,11.7505,false
2025-05-12 04:33:00,13.8983,false
2025-05-12 04:33:57,10.6663,false
2025-05-12 04:34:59,12.3577,false
2025-05-12 04:35:57,10.8090,false
2025-05-12 04:37:03,11.6958,false
2025-05-12 04:37:55,11.8356,false
2025-05-12 04:39:03,12.6755,false
2025-05-12 04:40:02,12.5625,false
2025-05-12 04:40:55,11.0558,false
2025-05-12 04:41:55,13.9066,false
2025-05-12 04:43:04,10.2221,false
2025-05-12 04:43:57,12.5872,false
2025-05-12 04:45:03,11.4318,false
2025-05-12 04:45:59,14.3980,true
2025-05-12 04:47:03,11.1237,false
2025-05-12 04:48:00,13.6176,false
2025-05-12 04:49:03,14.5687,true
2025-05-12 04:49:59,11.2769,false
2025-05-12 04:51:03,11.8989,false
2025-05-12 04:51:57,10.2184,false
2025-05-12 04:52:59,13.9729,false
2025-05-12 04:54:00,14.7308,true
2025-05-12 04:54:56,13.0084,false
2025-05-12 04:55:56,12.0148,false
2025-05-12 04:56:55,11.0550,false
2025-05-12 04:58:03,14.8526,true
2025-05-12 04:58:59,10.2051,false
2025-05-12 05:00:02,13.4226,false
2025-05-12 05:01:04,14.1276,true
2025-05-12 05:02:01,14.6979,true
2025-05-12 05:03:04,13.2371,false
2025-05-12 05:04:02,11.2978,false
2025-05-12 05:04:59,14.5221,true
2025-05-12 05:05:56,14.7669,true
2025-05-12 05:07:02,14.0465,true
2025-05-12 05:08:02,14.3992,true
2025-05-12 05:09:03,11.2977,false
2025-05-12 05:10:04,14.6115,true
2025-05-12 05:11:01,10.3011,false
2025-05-12 05:11:58,14.0330,true
2025-05-12 05:13:04,12.6569,false
2025-05-12 05:13:55,10.5348,false
2025-05-12 05:14:56,10.6659,false
2025-05-12 05:15:59,12.5500,false
2025-05-12 05:17:00,10.3006,false
2025-05-12 05:17:58,13.6287,false
2025-05-12 05:18:57,12.2188,false
2025-05-12 05:20:00,13.4848,false
2025-05-12 05:21:03,14.2709,true
2025-05-12 05:21:55,13.1726,false
2025-05-12 05:23:00,11.3530,false
2025-05-12 05:24:00,11.8347,false
2025-05-12 05:24:58,13.8724,false
2025-05-12 05:25:57,11.0081,false
2025-05-12 05:26:57,14.6601,true
2025-05-12 05:28:04,13.0222,false
2025-05-12 05:28:59,11.8800,false
2025-05-12 05:29:55,11.1805,false
2025-05-12 05:31:01,11.1907,false
2025-05-12 05:31:56,13.6033,false
2025-05-12 05:33:01,12.5227,false
2025-05-12 05:34:03,12.9290,false
2025-05-12 05:35:00,10.9306,false
2025-05-12 05:35:58,14.0552,true
2025-05-12 05:36:56,10.2600,false
2025-05-12 05:38:03,14.7241,true
2025-05-12 05:38:58,11.1118,false
2025-05-12 05:40:04,12.9433,false
2025-05-12 05:40:55,13.6833,false
2025-05-12 05:41:59,14.2805,true
2025-05-12 05:42:59,11.1229,false
2025-05-12 05:44:04,12.8210,false
2025-05-12 05:45:02,10.4270,false
2025-05-12 05:45:59,14.8620,true
2025-05-12 05:46:59,14.1274,true
2025-05-12 05:47:59,10.6884,false
2025-05-12 05:49:01,11.5207,false
2025-05-12 05:50:03,12.7837,false
2025-05-12 05:51:04,13.7711,false
2025-05-12 05:52:02,12.3418,false
2025-05-12 05:53:04,14.6898,true
2025-05-12 05:53:56,11.1683,false
2025-05-12 05:54:56,12.5648,false
2025-05-12 05:56:00,13.3903,false
2025-05-12 05:57:03,14.7723,true
2025-05-12 05:57:58,14.0242,true
2025-05-12 05:58:58,13.9712,false
2025-05-12 05:59:56,14.4205,true
2025-05-12 06:01:03,10.2465,false
2025-05-12 06:01:57,12.3137,false
2025-05-12 06:03:04,14.5181,true
2025-05-12 06:03:58,10.4652,false
2025-05-12 06:05:04,11.1587,false
2025-05-12 06:05:55,13.4306,false
2025-05-12 06:06:58,11.4517,false
2025-05-12 06:08:03,10.5007,false
2025-05-12 06:09:04,10.0275,false
2025-05-12 06:10:02,13.8735,false
2025-05-12 06:11:00,10.2256,false
2025-05-12 06:12:04,11.9028,false
2025-05-12 06:13:04,14.7632,true
2025-05-12 06:13:59,13.8368,false
2025-05-12 06:14:57,10.0164,false
2025-05-12 06:16:03,14.9713,true
2025-05-12 06:16:55,13.4522,false
2025-05-12 06:18:02,11.3637,false
2025-05-12 06:18:57,12.1604,false
2025-05-12 06:19:56,14.9386,true
2025-05-12 06:20:59,12.0061,false
2025-05-12 06:22:00,11.8894,false
2025-05-12 06:23:03,12.5485,false
2025-05-12 06:24:02,14.7405,true
2025-05-12 06:25:00,14.6800,true
2025-05-12 06:25:55,13.0855,false
2025-05-12 06:26:55,10.9944,false
2025-05-12 06:28:03,11.1278,false
2025-05-12 06:28:59,14.3985,true
2025-05-12 06:29:58,13.4144,false
2025-05-12 06:30:55,13.6073,false
2025-05-12 06:31:59,10.0234,false
2025-05-12 06:33:00,10.7738,false
2025-05-12 06:33:57,13.6245,false
2025-05-12 06:35:01,10.3343,false
2025-05-12 06:35:58,11.3004,false
2025-05-12 06:37:00,10.0948,false
2025-05-12 06:37:56,14.5609,true
2025-05-12 06:39:00,10.6060,false
2025-05-12 06:40:04,14.3588,true
2025-05-12 06:40:57,11.6815,false
2025-05-12 06:42:04,14.3157,true
2025-05-12 06:42:55,14.6594,true
2025-05-12 06:43:55,12.8323,false
2025-05-12 06:45:02,11.6652,false
2025-05-12 06:46:04,13.0696,false
2025-05-12 06:47:04,13.3507,false
2025-05-12 06:47:57,10.8058,false
2025-05-12 06:49:03,13.9862,false
2025-05-12 06:49:56,14.0410,true
2025-05-12 06:50:58,10.8477,false
2025-05-12 06:52:03,12.3876,false
2025-05-12 06:53:03,10.7809,false
2025-05-12 06:53:57,12.9126,false
2025-05-12 06:54:55,11.6758,false
2025-05-12 06:56:01,10.8776,false
2025-05-12 06:56:55,12.1674,false
2025-05-12 06:57:58,14.8936,true
2025-05-12 06:58:55,11.1502,false
2025-05-12 06:59:58,12.0775,false
2025-05-12 07:00:59,10.5899,false
2025-05-12 07:01:55,14.1813,true
2025-05-12 07:03:03,13.4488,false
2025-05-12 07:03:56,10.2031,false
2025-05-12 07:05:02,13.4418,false
2025-05-12 07:06:03,10.2774,false
2025-05-12 07:06:59,14.6189,true
2025-05-12 07:08:01,10.1872,false
2025-05-12 07:09:01,14.7348,true
2025-05-12 07:10:00,11.8675,false
2025-05-12 07:10:59,10.7539,false
2025-05-12 07:12:02,10.0148,false
2025-05-12 07:13:03,14.9256,true
2025-05-12 07:13:57,12.9080,false
2025-05-12 07:15:02,11.7011,false
2025-05-12 07:16:00,14.9269,true
2025-05-12 07:17:01,14.3719,true
2025-05-12 07:17:56,14.1580,true
2025-05-12 07:18:59,10.2141,false
2025-05-12 07:20:04,14.1636,true
2025-05-12 07:20:59,12.4942,false
2025-05-12 07:21:57,13.0825,false
2025-05-12 07:23:04,10.4911,false
2025-05-12 07:23:56,13.7834,false
2025-05-12 07:24:57,10.8059,false
2025-05-12 07:25:55,13.9122,false
2025-05-12 07:27:02,11.2936,false
2025-05-12 07:28:02,12.9662,false
2025-05-12 07:28:55,11.6312,false
2025-05-12 07:30:01,12.1875,false
2025-05-12 07:30:57,14.0748,true
2025-05-12 07:32:00,10.7899,false
2025-05-12 07:33:01,13.8934,false
2025-05-12 07:34:02,13.8018,false
2025-05-12 07:35:03,13.8152,false
2025-05-12 07:36:01,12.1735,false
2025-05-12 07:36:55,14.8683,true
2025-05-12 07:38:03,14.9237,true
2025-05-12 07:39:04,12.4740,false
2025-05-12 07:40:01,10.3887,false
2025-05-12 07:41:02,13.6722,false
2025-05-12 07:42:04,14.6180,true
2025-05-12 07:42:59,11.4117,false
2025-05-12 07:43:56,12.7885,false
2025-05-12 07:44:59,13.5691,false
2025-05-12 07:46:03,12.1078,false
2025-05-12 07:46:55,11.0054,false
2025-05-12 07:47:58,10.5584,false
2025-05-12 07:49:02,12.7941,false
2025-05-12 07:50:03,14.3560,true
2025-05-12 07:50:56,12.8419,false
2025-05-12 07:51:56,10.4750,false
2025-05-12 07:52:57,10.0190,false
2025-05-12 07:53:57,12.6086,false
2025-05-12 07:55:01,10.0358,false
2025-05-12 07:55:56,12.6290,false
2025-05-12 07:57:03,10.5274,false
2025-05-12 07:57:56,11.4087,false
2025-05-12 07:59:00,13.0481,false
2025-05-12 07:59:56,12.8732,false
2025-05-12 08:01:02,14.1639,true
2025-05-12 08:01:56,13.9281,false
2025-05-12 08:02:55,14.3193,true
2025-05-12 08:04:03,12.3335,false
2025-05-12 08:05:00,11.2468,false
2025-05-12 08:06:00,10.6207,false
2025-05-12 08:07:00,12.1493,false
2025-05-12 08:08:02,11.4195,false
2025-05-12 08:09:00,10.4511,false
2025-05-12 08:09:59,11.5748,false
2025-05-12 08:11:02,12.9451,false
2025-05-12 08:11:57,10.1055,false
2025-05-12 08:13:01,14.9353,true
2025-05-12 08:14:01,13.9599,false
2025-05-12 08:15:00,12.3371,false
2025-05-12 08:15:58,12.7549,false
2025-05-12 08:16:56,12.5434,false
2025-05-12 08:17:59,14.7295,true
2025-05-12 08:19:00,10.9498,false
2025-05-12 08:19:55,13.7845,false
2025-05-12 08:20:59,10.0607,false
2025-05-12 08:21:57,14.1939,true
2025-05-12 08:22:56,13.2743,false
2025-05-12 08:23:56,12.4901,false
2025-05-12 08:24:57,11.4281,false
2025-05-12 08:25:55,12.8735,false
2025-05-12 08:26:59,14.3454,true
2025-05-12 08:27:56,14.0211,true
2025-05-12 08:29:03,14.6547,true
2025-05-12 08:30:00,14.2735,true
2025-05-12 08:30:57,11.2624,false
2025-05-12 08:31:55,11.6537,false
2025-05-12 08:32:56,14.3826,true
2025-05-12 08:33:57,13.7037,false
2025-05-12 08:35:04,10.2885,false
2025-05-12 08:35:57,10.0829,false
2025-05-12 08:37:04,14.7770,true
2025-05-12 08:38:04,11.0641,false
2025-05-12 08:38:58,12.8874,false
2025-05-12 08:39:57,14.8504,true
2025-05-12 08:40:58,14.4326,true
2025-05-12 08:41:58,12.4741,false
2025-05-12 08:42:58,11.6261,false
2025-05-12 08:44:01,12.7174,false
2025-05-12 08:44:57,12.0140,false
2025-05-12 08:46:00,13.7639,false
2025-05-12 08:47:04,10.9270,false
2025-05-12 08:47:57,13.8532,false
2025-05-12 08:49:04,10.1021,false
2025-05-12 08:50:03,12.7365,false
2025-05-12 08:50:58,12.1178,false
2025-05-12 08:52:03,12.3822,false
2025-05-12 08:53:02,13.7334,false
2025-05-12 08:53:56,12.3588,false
2025-05-12 08:54:58,11.3313,false
2025-05-12 08:55:56,13.0434,false
2025-05-12 08:56:56,14.8288,true
2025-05-12 08:58:01,12.8242,false
2025-05-12 08:58:59,10.0722,false
2025-05-12 09:00:00,13.7468,false
2025-05-12 09:01:01,11.6895,false
2025-05-12 09:02:03,13.6186,false
2025-05-12 09:03:03,10.4686,false
2025-05-12 09:03:58,11.6362,false
2025-05-12 09:05:00,11.2514,false
2025-05-12 09:05:58,10.3886,false
2025-05-12 09:06:55,13.6026,false
2025-05-12 09:07:59,11.5856,false
2025-05-12 09:09:00,10.4981,false
2025-05-12 09:09:57,11.3498,false
2025-05-12 09:11:03,10.6605,false
2025-05-12 09:11:59,12.7417,false
2025-05-12 09:13:04,11.7887,false
2025-05-12 09:13:59,14.6400,true
2025-05-12 09:14:59,11.5697,false
2025-05-12 09:16:03,11.5404,false
2025-05-12 09:16:58,14.0958,true
2025-05-12 09:17:57,12.7773,false
2025-05-12 09:19:00,14.2311,true
2025-05-12 09:19:56,10.8614,false
2025-05-12 09:20:59,13.9629,false
2025-05-12 09:21:57,14.3343,true
2025-05-12 09:23:04,10.4560,false
2025-05-12 09:24:00,13.4104,false
2025-05-12 09:24:57,14.6032,true
2025-05-12 09:25:59,11.1570,false
2025-05-12 09:26:58,14.8511,true
2025-05-12 09:28:03,10.2513,false
2025-05-12 09:28:56,11.2066,false
2025-05-12 09:30:04,11.5957,false
2025-05-12 09:30:58,12.1413,false
2025-05-12 09:31:59,11.9955,false
2025-05-12 09:33:01,12.8762,false
2025-05-12 09:33:58,12.0778,false
2025-05-12 09:34:56,13.6000,false
2025-05-12 09:35:59,14.8290,true
2025-05-12 09:36:57,12.0500,false
2025-05-12 09:38:04,12.7192,false
2025-05-12 09:39:01,11.3676,false
2025-05-12 09:40:00,10.9880,false
2025-05-12 09:40:55,13.1235,false
2025-05-12 09:42:01,12.0904,false
2025-05-12 09:42:56,10.0033,false
2025-05-12 09:43:58,10.1526,false
2025-05-12 09:44:57,10.4430,false
2025-05-12 09:46:02,13.2521,false
2025-05-12 09:47:00,11.1538,false
2025-05-12 09:47:56,14.0474,true
2025-05-12 09:49:02,14.6326,true
2025-05-12 09:50:04,14.6148,true
2025-05-12 09:51:02,13.1513,false
2025-05-12 09:52:01,10.5502,false
2025-05-12 09:52:59,14.6754,true
2025-05-12 09:54:02,13.0596,false
2025-05-12 09:55:04,12.6380,false
2025-05-12 09:56:01,10.2990,false
2025-05-12 09:57:01,14.8791,true
2025-05-12 09:58:02,13.3083,false
2025-05-12 09:58:55,13.5433,false
2025-05-12 09:59:56,13.1715,false
2025-05-12 10:01:03,11.9367,false
2025-05-12 10:02:03,12.1705,false
2025-05-12 10:03:00,11.5003,false
2025-05-12 10:03:58,11.6044,false
2025-05-12 10:04:55,13.6499,false
2025-05-12 10:06:04,12.8537,false
2025-05-12 10:07:03,14.4556,true
2025-05-12 10:08:02,10.7510,false
2025-05-12 10:09:03,10.8858,false
2025-05-12 10:09:56,12.6306,false
2025-05-12 10:10:58,13.4059,false
2025-05-12 10:12:00,12.8548,false
2025-05-12 10:12:56,11.4960,false
2025-05-12 10:14:01,12.3420,false
2025-05-12 10:14:59,12.1470,false
2025-05-12 10:15:57,10.3182,false
2025-05-12 10:16:56,10.3744,false
2025-05-12 10:18:02,14.4291,true
2025-05-12 10:18:57,10.0299,false
2025-05-12 10:19:57,14.4547,true
2025-05-12 10:20:57,10.4166,false
2025-05-12 10:22:01,14.9336,true
2025-05-12 10:23:00,11.6780,false
2025-05-12 10:23:56,11.7840,false
2025-05-12 10:25:01,10.4631,false
2025-05-12 10:25:59,10.5385,false
2025-05-12 10:26:55,10.2204,false
2025-05-12 10:27:57,10.5551,false
2025-05-12 10:29:01,13.2245,false
2025-05-12 10:29:55,11.8298,false
2025-05-12 10:31:03,13.0305,false
2025-05-12 10:32:04,11.6961,false
2025-05-12 10:33:03,10.9875,false
2025-05-12 10:34:03,14.1864,true
2025-05-12 10:35:02,11.7065,false
2025-05-12 10:35:55,13.3953,false
2025-05-12 10:36:55,12.7424,false
2025-05-12 10:38:00,12.8069,false
2025-05-12 10:39:00,11.6088,false
2025-05-12 10:40:00,14.6075,true
2025-05-12 10:41:03,11.1815,false
2025-05-12 10:41:59,14.0520,true
2025-05-12 10:43:04,14.1161,true
2025-05-12 10:43:59,10.0325,false
2025-05-12 10:44:58,12.0552,false
2025-05-12 10:45:57,13.0465,false
2025-05-12 10:46:55,10.4447,false
2025-05-12 10:48:01,13.5122,false
2025-05-12 10:48:56,12.8732,false
2025-05-12 10:49:56,14.6867,true
2025-05-12 10:50:59,12.5349,false
2025-05-12 10:52:02,12.5088,false
2025-05-12 10:52:56,10.8046,false
2025-05-12 10:53:59,12.2203,false
2025-05-12 10:55:00,14.8091,true
2025-05-12 10:56:01,10.1502,false
2025-05-12 10:57:04,11.7305,false
2025-05-12 10:57:58,14.5504,true
2025-05-12 10:59:00,10.3703,false
2025-05-12 10:59:59,11.4926,false
2025-05-12 11:00:57,14.2866,true
2025-05-12 11:02:02,10.8690,false
2025-05-12 11:03:04,10.8001,false
2025-05-12 11:04:00,12.2791,false
2025-05-12 11:05:01,13.4993,false
2025-05-12 11:05:56,11.0976,false
2025-05-12 11:06:58,14.6570,true
2025-05-12 11:08:00,12.0876,false
2025-05-12 11:09:01,10.4658,false
2025-05-12 11:10:02,13.0411,false
2025-05-12 11:10:58,11.2611,false
2025-05-12 11:11:57,10.7787,false
2025-05-12 11:13:04,10.4502,false
2025-05-12 11:14:02,10.0967,false
2025-05-12 11:14:56,14.2632,true
2025-05-12 11:15:59,14.9423,true
2025-05-12 11:17:00,13.0322,false
2025-05-12 11:17:59,10.8216,false
2025-05-12 11:18:56,13.8796,false
2025-05-12 11:20:01,10.3246,false
2025-05-12 11:21:01,13.7522,false
2025-05-12 11:22:04,10.4592,false
2025-05-12 11:22:56,14.9921,true
2025-05-12 11:23:59,11.8686,false
2025-05-12 11:25:03,14.2056,true
2025-05-12 11:25:57,14.5019,true
2025-05-12 11:27:00,11.9579,false
2025-05-12 11:27:56,11.6612,false
2025-05-12 11:29:03,11.6262,false
2025-05-12 11:29:58,10.7803,false
2025-05-12 11:31:02,11.6335,false
2025-05-12 11:31:55,10.0911,false
2025-05-12 11:33:02,14.5604,true
2025-05-12 11:33:57,10.6306,false
2025-05-12 11:34:56,11.9617,false
2025-05-12 11:35:56,14.3369,true
2025-05-12 11:37:03,11.3438,false
2025-05-12 11:37:56,10.7399,false
2025-05-12 11:38:58,14.0725,true
2025-05-12 11:39:57,11.1765,false
2025-05-12 11:41:04,11.6698,false
2025-05-12 11:41:57,14.3120,true
2025-05-12 11:43:02,11.1115,false
2025-05-12 11:43:58,10.2851,false
2025-05-12 11:45:04,10.5691,false
2025-05-12 11:46:03,13.7658,false
2025-05-12 11:47:01,14.8344,true
2025-05-12 11:47:58,11.3606,false
2025-05-12 11:48:58,12.2233,false
2025-05-12 11:50:00,10.0344,false
2025-05-12 11:50:55,14.6782,true
2025-05-12 11:52:04,14.5315,true
2025-05-12 11:53:03,13.7337,false
2025-05-12 11:54:00,13.2710,false
2025-05-12 11:54:59,10.4933,false
2025-05-12 11:55:56,11.4025,false
2025-05-12 11:56:57,11.2614,false
2025-05-12 11:57:56,12.1694,false
2025-05-12 11:58:55,13.7616,false
2025-05-12 11:59:58,11.2121,false
2025-05-12 12:01:01,10.9555,false
2025-05-12 12:02:00,11.8850,false
2025-05-12 12:03:04,14.5791,true
2025-05-12 12:04:00,10.8758,false
2025-05-12 12:05:04,12.3260,false
2025-05-12 12:05:55,10.7356,false
2025-05-12 12:06:57,12.7979,false
2025-05-12 12:08:02,12.9198,false
2025-05-12 12:08:59,12.8221,false
2025-05-12 12:10:02,10.9932,false
2025-05-12 12:10:56,10.8603,false
2025-05-12 12:12:03,10.4678,false
2025-05-12 12:12:55,12.1487,false
2025-05-12 12:14:00,13.6628,false
2025-05-12 12:15:02,13.6151,false
2025-05-12 12:16:02,11.0775,false
2025-05-12 12:17:03,13.3611,false
2025-05-12 12:17:57,10.6802,false
2025-05-12 12:19:03,13.6158,false
2025-05-12 12:19:56,10.9626,false
2025-05-12 12:21:02,13.5678,false
2025-05-12 12:22:03,13.2561,false
2025-05-12 12:22:57,13.2979,false
2025-05-12 12:23:56,14.7732,true
2025-05-12 12:24:59,10.2282,false
2025-05-12 12:25:58,14.0631,true
2025-05-12 12:27:01,10.3696,false
2025-05-12 12:27:56,10.3418,false
2025-05-12 12:29:03,11.1412,false
2025-05-12 12:30:01,13.4761,false
2025-05-12 12:30:55,12.3470,false
2025-05-12 12:31:58,12.9897,false
2025-05-12 12:32:58,13.2819,false
2025-05-12 12:33:57,13.6328,false
2025-05-12 12:35:02,10.9063,false
2025-05-12 12:35:56,14.0379,true
2025-05-12 12:36:58,11.2699,false
2025-05-12 12:37:59,11.7290,false
2025-05-12 12:38:57,10.4089,false
2025-05-12 12:40:00,13.6896,false
2025-05-12 12:41:03,12.2393,false
2025-05-12 12:41:57,13.0349,false
2025-05-12 12:42:59,10.6037,false
2025-05-12 12:44:00,14.8366,true
2025-05-12 12:45:00,14.7161,true
2025-05-12 12:46:00,14.7379,true
2025-05-12 12:46:59,12.7222,false
2025-05-12 12:48:01,11.3431,false
2025-05-12 12:48:57,12.6044,false
2025-05-12 12:50:04,13.5772,false
2025-05-12 12:51:02,10.5472,false
2025-05-12 12:52:02,10.9626,false
2025-05-12 12:53:01,10.4825,false
2025-05-12 12:54:01,11.4943,false
2025-05-12 12:55:04,13.7305,false
2025-05-12 12:55:59,14.9767,true
2025-05-12 12:57:01,14.2093,true
2025-05-12 12:58:01,12.1814,false
2025-05-12 12:58:56,14.1643,true
2025-05-12 13:00:00,12.3834,false
2025-05-12 13:00:58,13.0738,false
2025-05-12 13:01:57,13.8271,false
2025-05-12 13:02:59,12.8060,false
2025-05-12 13:04:03,13.4767,false
2025-05-12 13:04:56,12.5578,false
2025-05-12 13:06:03,11.2968,false
2025-05-12 13:06:58,14.2837,true
2025-05-12 13:08:01,13.9356,false
2025-05-12 13:09:00,14.2179,true
2025-05-12 13:09:57,14.4196,true
2025-05-12 13:11:04,10.8643,false
2025-05-12 13:11:58,14.1313,true
2025-05-12 13:12:56,14.1678,true
2025-05-12 13:14:03,12.2556,false
2025-05-12 13:14:55,11.2330,false
2025-05-12 13:16:02,14.9762,true
2025-05-12 13:16:55,11.5485,false
2025-05-12 13:18:01,12.3900,false
2025-05-12 13:18:56,12.7056,false
2025-05-12 13:19:57,12.7202,false
2025-05-12 13:20:59,10.7642,false
2025-05-12 13:22:04,10.5645,false
2025-05-12 13:22:55,14.8288,true
2025-05-12 13:24:00,10.1134,false
2025-05-12 13:24:56,10.4588,false
2025-05-12 13:26:00,12.8181,false
2025-05-12 13:26:56,12.6997,false
2025-05-12 13:27:57,12.6718,false
2025-05-12 13:28:57,10.4803,false
2025-05-12 13:29:56,14.1663,true
2025-05-12 13:30:57,10.1306,false
2025-05-12 13:31:58,12.4336,false
2025-05-12 13:32:58,14.6723,true
2025-05-12 13:33:56,11.6614,false
2025-05-12 13:34:56,14.8247,true
2025-05-12 13:36:03,11.3542,false
2025-05-12 13:37:04,12.1445,false
2025-05-12 13:37:55,14.3816,true
2025-05-12 13:39:03,13.9414,false
2025-05-12 13:40:01,12.8763,false
2025-05-12 13:40:57,12.4980,false
2025-05-12 13:41:58,14.8468,true
2025-05-12 13:43:04,13.4041,false
2025-05-12 13:43:58,12.4259,false
2025-05-12 13:45:04,13.4775,false
2025-05-12 13:46:02,12.7688,false
2025-05-12 13:46:56,12.7177,false
2025-05-12 13:48:00,11.9394,false
2025-05-12 13:48:56,12.2980,false
2025-05-12 13:49:58,12.2425,false
2025-05-12 13:50:56,14.9864,true
2025-05-12 13:52:03,11.1661,false
2025-05-12 13:52:58,11.1819,false
2025-05-12 13:53:57,10.8125,false
2025-05-12 13:54:57,13.8566,false
2025-05-12 13:56:03,13.0033,false
2025-05-12 13:57:03,10.1622,false
2025-05-12 13:58:01,11.6484,false
2025-05-12 13:59:01,10.6245,false
2025-05-12 14:00:02,14.6641,true
2025-05-12 14:00:59,11.4804,false
2025-05-12 14:01:55,12.1002,false
2025-05-12 14:02:59,10.8487,false
2025-05-12 14:03:56,10.2721,false
2025-05-12 14:05:04,14.7231,true
2025-05-12 14:05:59,12.2520,false
2025-05-12 14:06:58,11.2708,false
2025-05-12 14:08:00,13.6225,false
2025-05-12 14:08:55,13.2332,false
2025-05-12 14:09:55,11.5587,false
2025-05-12 14:11:03,14.8699,true
2025-05-12 14:12:01,11.9950,false
2025-05-12 14:13:04,11.1505,false
2025-05-12 14:13:56,10.9551,false
2025-05-12 14:15:01,10.8765,false
2025-05-12 14:16:00,12.7085,false
2025-05-12 14:17:04,12.5336,false
2025-05-12 14:18:04,13.3479,false
2025-05-12 14:18:57,12.4404,false
2025-05-12 14:20:02,13.6971,false
2025-05-12 14:21:03,13.5196,false
2025-05-12 14:22:02,12.5766,false
2025-05-12 14:23:00,13.1542,false
2025-05-12 14:24:02,14.3497,true
2025-05-12 14:24:58,14.6033,true
2025-05-12 14:25:58,10.8936,false
2025-05-12 14:26:56,14.1253,true
2025-05-12 14:28:01,12.6317,false
2025-05-12 14:29:03,14.9974,true
2025-05-12 14:29:55,12.2188,false
2025-05-12 14:30:55,14.8736,true
2025-05-12 14:31:57,13.6592,false
2025-05-12 14:32:57,11.9541,false
2025-05-12 14:33:58,14.6216,true
2025-05-12 14:34:57,10.3539,false
2025-05-12 14:36:04,11.9526,false
2025-05-12 14:37:03,10.9827,false
2025-05-12 14:38:00,10.5552,false
2025-05-12 14:38:56,12.1291,false
2025-05-12 14:40:02,12.7496,false
2025-05-12 14:40:55,11.3683,false
2025-05-12 14:42:01,14.0607,true
2025-05-12 14:43:01,11.7550,false
2025-05-12 14:43:56,13.6475,false
2025-05-12 14:45:01,10.9296,false
2025-05-12 14:45:58,13.2813,false
2025-05-12 14:47:02,11.5267,false
2025-05-12 14:48:00,12.2281,false
2025-05-12 14:49:01,12.1330,false
2025-05-12 14:49:55,11.0143,false
2025-05-12 14:50:58,14.7053,true
2025-05-12 14:51:55,11.4186,false
2025-05-12 14:53:01,11.9764,false
2025-05-12 14:53:56,14.5626,true
2025-05-12 14:55:00,12.9089,false
2025-05-12 14:55:58,12.0341,false
2025-05-12 14:57:01,14.9347,true
2025-05-12 14:58:00,10.0410,false
2025-05-12 14:58:55,12.8314,false
2025-05-12 15:00:03,10.4781,false
2025-05-12 15:01:02,12.7100,false
2025-05-12 15:01:56,12.1719,false
2025-05-12 15:02:57,13.0395,false
2025-05-12 15:03:57,10.7829,false
2025-05-12 15:05:03,10.6862,false
2025-05-12 15:06:01,10.9967,false
2025-05-12 15:07:00,13.3754,false
2025-05-12 15:08:01,14.9222,true
2025-05-12 15:08:55,14.7324,true
2025-05-12 15:09:55,11.5248,false
2025-05-12 15:10:58,14.6289,true
2025-05-12 15:11:55,13.1942,false
2025-05-12 15:13:02,10.2581,false
2025-05-12 15:14:04,11.1496,false
2025-05-12 15:14:56,10.1216,false
2025-05-12 15:16:02,12.9675,false
2025-05-12 15:17:02,13.6591,false
2025-05-12 15:17:55,10.0969,false
2025-05-12 15:19:03,14.4732,true
2025-05-12 15:19:58,10.7683,false
2025-05-12 15:21:01,14.4592,true
2025-05-12 15:21:57,13.3441,false
2025-05-12 15:23:00,14.5256,true
2025-05-12 15:23:57,11.5965,false
2025-05-12 15:24:55,13.2964,false
2025-05-12 15:25:59,14.0192,true
2025-05-12 15:26:55,13.3189,false
2025-05-12 15:27:58,13.3470,false
2025-05-12 15:29:01,14.0260,true
2025-05-12 15:30:00,11.3978,false
2025-05-12 15:31:04,14.9927,true
2025-05-12 15:31:56,13.1033,false
2025-05-12 15:32:55,14.6061,true
2025-05-12 15:34:03,11.2611,false
2025-05-12 15:35:02,14.2292,true
2025-05-12 15:35:59,13.7221,false
2025-05-12 15:37:01,14.8317,true
2025-05-12 15:38:01,10.6350,false
2025-05-12 15:39:01,13.3631,false
2025-05-12 15:39:55,13.9898,false
2025-05-12 15:40:58,13.7537,false
2025-05-12 15:41:56,10.1126,false
2025-05-12 15:42:59,10.0623,false
2025-05-12 15:44:00,13.2686,false
2025-05-12 15:44:59,14.4403,true
2025-05-12 15:46:00,10.5343,false
2025-05-12 15:47:02,11.6561,false
2025-05-12 15:47:59,14.3184,true
2025-05-12 15:48:56,11.9513,false
2025-05-12 15:49:58,13.8465,false
2025-05-12 15:50:59,14.3463,true
2025-05-12 15:51:57,10.3129,false
2025-05-12 15:52:59,10.2423,false
2025-05-12 15:53:58,10.7376,false
2025-05-12 15:54:59,14.4051,true
2025-05-12 15:56:03,11.0966,false
2025-05-12 15:56:58,11.4896,false
2025-05-12 15:58:03,12.7242,false
2025-05-12 15:59:04,13.5126,false
2025-05-12 16:00:00,13.0755,false
2025-05-12 16:00:57,10.8138,false
2025-05-12 16:01:58,11.5263,false
2025-05-12 16:03:03,10.3612,false
2025-05-12 16:04:03,12.7342,false
2025-05-12 16:04:59,13.0889,false
2025-05-12 16:05:59,13.1788,false
2025-05-12 16:06:59,11.4271,false
2025-05-12 16:07:55,11.6111,false
2025-05-12 16:08:58,14.8874,true
2025-05-12 16:10:03,13.6308,false
2025-05-12 16:11:02,14.4457,true
2025-05-12 16:11:57,10.6147,false
2025-05-12 16:12:58,14.0506,true
2025-05-12 16:14:01,11.3113,false
2025-05-12 16:14:56,11.0153,false
2025-05-12 16:16:01,14.0649,true
2025-05-12 16:16:56,13.1832,false
2025-05-12 16:18:00,12.1987,false
2025-05-12 16:19:02,12.0998,false
2025-05-12 16:20:04,12.1658,false
2025-05-12 16:21:02,14.9930,true
2025-05-12 16:22:01,11.8551,false
2025-05-12 16:22:58,11.5422,false
2025-05-12 16:23:56,13.5585,false
2025-05-12 16:24:55,12.7524,false
2025-05-12 16:25:58,10.5139,false
2025-05-12 16:26:55,11.7939,false
2025-05-12 16:28:04,14.6826,true
2025-05-12 16:29:04,11.8339,false
2025-05-12 16:29:55,14.6680,true
2025-05-12 16:31:03,12.4345,false
2025-05-12 16:32:03,12.6983,false
2025-05-12 16:32:59,12.5075,false
2025-05-12 16:33:55,14.0617,true
2025-05-12 16:35:02,13.7975,false
2025-05-12 16:35:59,11.0325,false
2025-05-12 16:36:57,11.4256,false
2025-05-12 16:38:04,10.1035,false
2025-05-12 16:39:03,10.8505,false
2025-05-12 16:40:02,11.7942,false
2025-05-12 16:40:58,14.2823,true
2025-05-12 16:41:58,13.1666,false
2025-05-12 16:42:56,11.7050,false
2025-05-12 16:44:02,12.0713,false
2025-05-12 16:44:58,13.8576,false
2025-05-12 16:46:03,11.0596,false
2025-05-12 16:46:59,13.0197,false
2025-05-12 16:48:04,12.4382,false
2025-05-12 16:49:02,14.3591,true
2025-05-12 16:49:57,11.3626,false
2025-05-12 16:51:00,10.0972,false
2025-05-12 16:52:03,10.8661,false
2025-05-12 16:52:58,12.0752,false
2025-05-12 16:53:55,12.6951,false
2025-05-12 16:54:59,14.1010,true
2025-05-12 16:55:55,11.9364,false
2025-05-12 16:56:58,12.4368,false
2025-05-12 16:58:02,13.6050,false
2025-05-12 16:58:59,10.3411,false
2025-05-12 17:00:02,12.8181,false
2025-05-12 17:01:01,10.8047,false
2025-05-12 17:01:56,10.1767,false
2025-05-12 17:02:57,12.3844,false
2025-05-12 17:03:55,14.4217,true
2025-05-12 17:05:01,14.1511,true
2025-05-12 17:06:01,11.3991,false
2025-05-12 17:07:03,12.5523,false
2025-05-12 17:08:00,12.7812,false
2025-05-12 17:08:57,12.6263,false
2025-05-12 17:09:56,14.6856,true
2025-05-12 17:11:01,14.0379,true
2025-05-12 17:11:58,11.4496,false
2025-05-12 17:12:58,10.0291,false
2025-05-12 17:14:01,14.3627,true
2025-05-12 17:14:57,13.1105,false
2025-05-12 17:15:55,11.5025,false
2025-05-12 17:16:59,12.3163,false
2025-05-12 17:17:57,12.1381,false
2025-05-12 17:19:01,10.9450,false
2025-05-12 17:20:01,14.3931,true
2025-05-12 17:20:57,13.4500,false
2025-05-12 17:21:58,12.2543,false
2025-05-12 17:23:00,10.4415,false
2025-05-12 17:23:58,11.8619,false
2025-05-12 17:25:04,10.8371,false
2025-05-12 17:25:59,13.3582,false
2025-05-12 17:27:04,14.4854,true
2025-05-12 17:28:02,10.0211,false
2025-05-12 17:29:02,14.2560,true
2025-05-12 17:30:01,14.0337,true
2025-05-12 17:30:56,13.3308,false
2025-05-12 17:32:02,14.5154,true
2025-05-12 17:33:04,10.7263,false
2025-05-12 17:33:59,12.0409,false
2025-05-12 17:34:57,13.6695,false
2025-05-12 17:36:00,12.8703,false
2025-05-12 17:37:03,12.1460,false
2025-05-12 17:37:59,10.5496,false
2025-05-12 17:38:59,11.5789,false
2025-05-12 17:39:57,11.2789,false
2025-05-12 17:40:59,11.6151,false
2025-05-12 17:42:02,11.7256,false
2025-05-12 17:43:03,14.4792,true
2025-05-12 17:44:04,14.6277,true
2025-05-12 17:44:59,10.9939,false
2025-05-12 17:45:59,12.3715,false
2025-05-12 17:46:59,14.7146,true
2025-05-12 17:47:56,11.3346,false
2025-05-12 17:49:01,11.8513,false
2025-05-12 17:50:02,13.1819,false
2025-05-12 17:51:03,12.8130,false
2025-05-12 17:52:04,13.2966,false
2025-05-12 17:52:59,13.5490,false
2025-05-12 17:54:00,13.1362,false
2025-05-12 17:55:00,14.3677,true
2025-05-12 17:55:55,14.9038,true
2025-05-12 17:56:58,11.2505,false
2025-05-12 17:57:57,13.9256,false
2025-05-12 17:58:55,11.9623,false
2025-05-12 18:00:02,10.4085,false
2025-05-12 18:01:03,14.7108,true
2025-05-12 18:01:57,10.9640,false
2025-05-12 18:02:57,11.3496,false
2025-05-12 18:03:56,11.4750,false
2025-05-12 18:05:00,11.8260,false
2025-05-12 18:06:03,11.8189,false
2025-05-12 18:06:57,10.0790,false
2025-05-12 18:08:04,13.5185,false
2025-05-12 18:09:04,14.5198,true
2025-05-12 18:09:58,12.4970,false
2025-05-12 18:10:57,10.2878,false
2025-05-12 18:11:59,14.5947,true
2025-05-12 18:12:57,12.1678,false
2025-05-12 18:14:03,12.9552,false
2025-05-12 18:14:55,11.7165,false
2025-05-12 18:16:02,11.1090,false
2025-05-12 18:16:55,10.0583,false
2025-05-12 18:18:02,10.9128,false
2025-05-12 18:18:55,12.5872,false
2025-05-12 18:20:02,13.5299,false
2025-05-12 18:20:56,14.9923,true
2025-05-12 18:22:04,14.4311,true
2025-05-12 18:22:55,10.9308,false
2025-05-12 18:23:58,13.0780,false
2025-05-12 18:24:58,13.9623,false
2025-05-12 18:26:04,13.8092,false
2025-05-12 18:27:01,11.3849,false
2025-05-12 18:27:55,13.1281,false
2025-05-12 18:28:56,13.3771,false
2025-05-12 18:30:04,10.0625,false
2025-05-12 18:31:02,14.4813,true
2025-05-12 18:31:57,14.8302,true
2025-05-12 18:32:55,14.7317,true
2025-05-12 18:34:04,12.9957,false
2025-05-12 18:35:00,10.3289,false
2025-05-12 18:35:57,13.2595,false
2025-05-12 18:37:02,11.1351,false
2025-05-12 18:38:00,13.8053,false
2025-05-12 18:39:00,14.8366,true
2025-05-12 18:40:03,14.5187,true
2025-05-12 18:41:03,12.1115,false
2025-05-12 18:41:55,12.8163,false
2025-05-12 18:42:57,12.9411,false
2025-05-12 18:44:02,13.7509,false
2025-05-12 18:45:01,12.4295,false
2025-05-12 18:45:57,12.0471,false
2025-05-12 18:46:58,13.7905,false
2025-05-12 18:47:55,14.9658,true
2025-05-12 18:49:04,10.1361,false
2025-05-12 18:49:57,11.9358,false
2025-05-12 18:51:04,13.6331,false
2025-05-12 18:51:59,12.8593,false
2025-05-12 18:53:01,14.1754,true
2025-05-12 18:53:55,11.4908,false
2025-05-12 18:55:04,13.3683,false
2025-05-12 18:55:59,14.0323,true
2025-05-12 18:57:01,12.5334,false
2025-05-12 18:58:02,14.4760,true
2025-05-12 18:59:00,12.3554,false
2025-05-12 19:00:03,12.9804,false
2025-05-12 19:01:03,13.8630,false
2025-05-12 19:01:59,11.0056,false
2025-05-12 19:02:56,10.2564,false
2025-05-12 19:04:00,10.1161,false
2025-05-12 19:04:57,14.5772,true
2025-05-12 19:06:04,10.7016,false
2025-05-12 19:07:03,10.1825,false
2025-05-12 19:07:57,12.5955,false
2025-05-12 19:09:02,12.7984,false
2025-05-12 19:10:02,12.6093,false
2025-05-12 19:11:04,13.3872,false
2025-05-12 19:12:04,10.0504,false
2025-05-12 19:12:55,13.4171,false
2025-05-12 19:13:59,11.7562,false
2025-05-12 19:14:55,11.3857,false
2025-05-12 19:15:56,11.4019,false
2025-05-12 19:16:59,14.9155,true
2025-05-12 19:18:03,13.7904,false
2025-05-12 19:19:02,13.7150,false
2025-05-12 19:19:55,13.6875,false
2025-05-12 19:20:58,13.2186,false
2025-05-12 19:21:58,11.3898,false
2025-05-12 19:22:57,12.6790,false
2025-05-12 19:24:01,11.6420,false
2025-05-12 19:25:01,13.3782,false
2025-05-12 19:25:57,13.6311,false
2025-05-12 19:27:01,11.4656,false
2025-05-12 19:27:55,13.3099,false
2025-05-12 19:29:04,13.9315,false
2025-05-12 19:30:00,13.2110,false
2025-05-12 19:30:59,11.9517,false
2025-05-12 19:31:57,14.3339,true
2025-05-12 19:32:57,12.2026,false
2025-05-12 19:33:59,13.7028,false
2025-05-12 19:34:57,10.1736,false
2025-05-12 19:35:58,13.4426,false
2025-05-12 19:36:56,10.7759,false
2025-05-12 19:37:56,10.7338,false
2025-05-12 19:38:59,12.2196,false
2025-05-12 19:40:00,13.2323,false
2025-05-12 19:40:55,14.6730,true
2025-05-12 19:41:57,13.1118,false
2025-05-12 19:43:03,13.3556,false
2025-05-12 19:44:03,14.9128,true
2025-05-12 19:44:58,12.3747,false
2025-05-12 19:46:02,14.3841,true
2025-05-12 19:47:03,12.5645,false
2025-05-12 19:48:00,13.0742,false
2025-05-12 19:49:02,12.1154,false
2025-05-12 19:49:56,12.8887,false
2025-05-12 19:51:02,10.1078,false
2025-05-12 19:51:59,13.6254,false
2025-05-12 19:52:55,10.0356,false
2025-05-12 19:53:59,13.9518,false
2025-05-12 19:55:02,11.7743,false
2025-05-12 19:56:00,13.4548,false
2025-05-12 19:57:00,13.9086,false
2025-05-12 19:57:56,10.6068,false
2025-05-12 19:58:58,13.4560,false
2025-05-12 19:59:59,11.6517,false
2025-05-12 20:00:59,12.4198,false
2025-05-12 20:02:04,10.8623,false
2025-05-12 20:02:59,14.0531,true
2025-05-12 20:04:03,11.9106,false
2025-05-12 20:05:04,14.1863,true
2025-05-12 20:05:56,13.1750,false
2025-05-12 20:06:57,12.6217,false
2025-05-12 20:08:00,10.2361,false
2025-05-12 20:09:00,10.4767,false
2025-05-12 20:09:59,10.8157,false
2025-05-12 20:10:58,14.8232,true
2025-05-12 20:12:01,10.6816,false
2025-05-12 20:13:04,12.5803,false
2025-05-12 20:14:00,11.9607,false
2025-05-12 20:15:04,10.1294,false
2025-05-12 20:15:57,11.0562,false
2025-05-12 20:17:02,12.8940,false
2025-05-12 20:18:02,11.8639,false
2025-05-12 20:18:59,13.7370,false
2025-05-12 20:19:57,13.6646,false
2025-05-12 20:20:59,13.8110,false
2025-05-12 20:22:01,13.7974,false
2025-05-12 20:23:04,11.4227,false
2025-05-12 20:24:03,11.8853,false
2025-05-12 20:25:04,14.6406,true
2025-05-12 20:26:02,13.1844,false
2025-05-12 20:27:01,13.8349,false
2025-05-12 20:28:02,10.6842,false
2025-05-12 20:29:02,12.0516,false
2025-05-12 20:29:56,12.8553,false
2025-05-12 20:31:04,12.0660,false
2025-05-12 20:32:03,11.4943,false
2025-05-12 20:32:58,10.5175,false
2025-05-12 20:34:01,12.9800,false
2025-05-12 20:35:00,12.8508,false
2025-05-12 20:36:03,12.6713,false
2025-05-12 20:37:04,11.5252,false
2025-05-12 20:38:00,12.2617,false
2025-05-12 20:38:59,13.8211,false
2025-05-12 20:40:00,13.0141,false
2025-05-12 20:40:57,10.9400,false
2025-05-12 20:41:55,14.7438,true
2025-05-12 20:42:57,10.7751,false
2025-05-12 20:44:03,13.3747,false
2025-05-12 20:45:03,12.2122,false
2025-05-12 20:45:57,14.5546,true
2025-05-12 20:46:56,13.4321,false
2025-05-12 20:47:58,11.5558,false
2025-05-12 20:48:59,14.6475,true
2025-05-12 20:49:55,14.6818,true
2025-05-12 20:50:58,10.8389,false
2025-05-12 20:51:58,14.1999,true
2025-05-12 20:53:00,12.2000,false
2025-05-12 20:53:56,12.3361,false
2025-05-12 20:55:00,12.3613,false
2025-05-12 20:56:02,12.7971,false
2025-05-12 20:57:00,13.3416,false
2025-05-12 20:58:00,13.9191,false
2025-05-12 20:58:59,10.8459,false
2025-05-12 21:00:00,12.2060,false
2025-05-12 21:00:59,11.9188,false
2025-05-12 21:02:02,13.6789,false
2025-05-12 21:03:02,12.4659,false
2025-05-12 21:04:03,12.1883,false
2025-05-12 21:04:57,13.0813,false
2025-05-12 21:05:58,10.7022,false
2025-05-12 21:07:03,13.3336,false
2025-05-12 21:07:57,12.6426,false
2025-05-12 21:08:56,11.6163,false
2025-05-12 21:09:56,14.8129,true
2025-05-12 21:11:03,13.0695,false
2025-05-12 21:12:02,12.7010,false
2025-05-12 21:12:57,13.7680,false
2025-05-12 21:14:02,11.5696,false
2025-05-12 21:15:04,13.9280,false
2025-05-12 21:16:02,12.4642,false
2025-05-12 21:17:00,14.5982,true
2025-05-12 21:18:02,12.2332,false
2025-05-12 21:18:56,10.4380,false
2025-05-12 21:20:02,13.4739,false
2025-05-12 21:20:55,12.6004,false
2025-05-12 21:21:56,11.5289,false
2025-05-12 21:23:02,12.4345,false
2025-05-12 21:23:59,12.7482,false
2025-05-12 21:24:58,12.0465,false
2025-05-12 21:26:00,12.1912,false
2025-05-12 21:26:55,11.2147,false
2025-05-12 21:27:58,14.5720,true
2025-05-12 21:28:55,14.3650,true
2025-05-12 21:30:00,10.9707,false
2025-05-12 21:30:56,13.1045,false
2025-05-12 21:31:58,11.6757,false
2025-05-12 21:33:04,12.1056,false
2025-05-12 21:33:57,12.8516,false
2025-05-12 21:34:58,12.9067,false
2025-05-12 21:35:59,14.1863,true
2025-05-12 21:36:58,14.0857,true
2025-05-12 21:38:02,10.4399,false
2025-05-12 21:39:02,10.9079,false
2025-05-12 21:40:01,13.5098,false
2025-05-12 21:41:03,14.7009,true
2025-05-12 21:42:02,11.0797,false
2025-05-12 21:42:57,10.1191,false
2025-05-12 21:44:03,14.2079,true
2025-05-12 21:44:59,14.5660,true
2025-05-12 21:46:04,10.1233,false
2025-05-12 21:46:56,11.3332,false
2025-05-12 21:47:59,11.1801,false
2025-05-12 21:49:01,13.6251,false
2025-05-12 21:49:56,10.7551,false
2025-05-12 21:51:01,11.8370,false
2025-05-12 21:52:01,14.2909,true
2025-05-12 21:52:59,14.2282,true
2025-05-12 21:53:57,12.4291,false
2025-05-12 21:55:01,14.8396,true
2025-05-12 21:56:04,11.4309,false
2025-05-12 21:56:56,13.3584,false
2025-05-12 21:57:57,11.7341,false
2025-05-12 21:58:59,10.1373,false
2025-05-12 22:00:02,14.1315,true
2025-05-12 22:01:01,13.7652,false
2025-05-12 22:01:56,13.9963,false
2025-05-12 22:02:56,14.9254,true
2025-05-12 22:03:59,11.2958,false
2025-05-12 22:05:04,11.2462,false
2025-05-12 22:06:04,11.8840,false
2025-05-12 22:06:56,13.8242,false
2025-05-12 22:07:57,10.8102,false
2025-05-12 22:08:58,11.6016,false
2025-05-12 22:10:03,10.3349,false
2025-05-12 22:10:57,11.5605,false
2025-05-12 22:11:58,14.9648,true
2025-05-12 22:13:01,11.5682,false
2025-05-12 22:14:04,12.5210,false
2025-05-12 22:14:59,14.0328,true
2025-05-12 22:16:00,11.6946,false
2025-05-12 22:17:02,14.4544,true
2025-05-12 22:18:01,14.9068,true
2025-05-12 22:18:57,12.6849,false
2025-05-12 22:20:03,12.0725,false
2025-05-12 22:21:02,10.2951,false
2025-05-12 22:22:01,10.4041,false
2025-05-12 22:23:00,12.9006,false
2025-05-12 22:23:55,14.6284,true
2025-05-12 22:24:56,13.8136,false
2025-05-12 22:25:57,11.2533,false
2025-05-12 22:27:04,11.3703,false
2025-05-12 22:28:01,10.2053,false
2025-05-12 22:28:57,11.3152,false
2025-05-12 22:30:01,10.4385,false
2025-05-12 22:30:59,10.7417,false
2025-05-12 22:31:59,13.9234,false
2025-05-12 22:32:58,12.3736,false
2025-05-12 22:33:59,12.3203,false
2025-05-12 22:35:02,10.3956,false
2025-05-12 22:35:58,11.3631,false
2025-05-12 22:37:02,14.3785,true
2025-05-12 22:38:01,10.7167,false
2025-05-12 22:39:00,13.9714,false
2025-05-12 22:40:04,12.2228,false
2025-05-12 22:40:59,10.6768,false
2025-05-12 22:41:55,11.8167,false
2025-05-12 22:43:03,12.3209,false
2025-05-12 22:44:00,14.7485,true
2025-05-12 22:45:03,13.9001,false
2025-05-12 22:46:03,12.5799,false
2025-05-12 22:46:58,14.9901,true
2025-05-12 22:47:57,12.5002,false
2025-05-12 22:48:58,14.9768,true
2025-05-12 22:49:59,11.5358,false
2025-05-12 22:51:00,11.6283,false
2025-05-12 22:52:03,13.5200,false
2025-05-12 22:53:01,11.1112,false
2025-05-12 22:54:04,12.1729,false
2025-05-12 22:55:04,11.7652,false
2025-05-12 22:55:58,10.3835,false
2025-05-12 22:56:58,11.5514,false
2025-05-12 22:57:55,11.7640,false
2025-05-12 22:59:01,10.1076,false
2025-05-12 23:00:01,14.6232,true
2025-05-12 23:01:02,10.5417,false
2025-05-12 23:01:59,12.0607,false
2025-05-12 23:03:02,14.4083,true
2025-05-12 23:03:59,11.0778,false
2025-05-12 23:05:04,14.6843,true
2025-05-12 23:05:57,12.6380,false
2025-05-12 23:07:03,13.9396,false
2025-05-12 23:07:57,11.8369,false
2025-05-12 23:09:02,13.6169,false
2025-05-12 23:09:56,14.3575,true
2025-05-12 23:10:58,14.7753,true
2025-05-12 23:12:01,10.2927,false
2025-05-12 23:13:01,10.3187,false
2025-05-12 23:13:59,10.7108,false
2025-05-12 23:15:01,14.2424,true
2025-05-12 23:16:02,12.8178,false
2025-05-12 23:16:58,10.0740,false
2025-05-12 23:18:00,11.8112,false
2025-05-12 23:19:04,10.2091,false
2025-05-12 23:20:03,12.5782,false
2025-05-12 23:20:56,12.2675,false
2025-05-12 23:21:58,14.6178,true
2025-05-12 23:22:55,13.2306,false
2025-05-12 23:24:04,11.9868,false
2025-05-12 23:24:59,10.6862,false
2025-05-12 23:26:02,14.1300,true
2025-05-12 23:27:01,14.8832,true
2025-05-12 23:27:58,12.8793,false
2025-05-12 23:29:02,11.8298,false
2025-05-12 23:29:55,13.0593,false
2025-05-12 23:30:57,14.9729,true
2025-05-12 23:32:01,12.1553,false
2025-05-12 23:33:02,12.8892,false
2025-05-12 23:33:58,12.1562,false
2025-05-12 23:34:55,11.5457,false
2025-05-12 23:36:02,11.0066,false
2025-05-12 23:36:55,12.8748,false
2025-05-12 23:38:02,12.9882,false
2025-05-12 23:38:58,12.5992,false
2025-05-12 23:39:57,11.3121,false
2025-05-12 23:40:58,14.6908,true
2025-05-12 23:42:03,12.5112,false
2025-05-12 23:43:03,12.7559,false
2025-05-12 23:44:03,10.0123,false
2025-05-12 23:44:58,12.6821,false
2025-05-12 23:45:57,12.6478,false
2025-05-12 23:46:56,11.3429,false
2025-05-12 23:47:57,11.8622,false
2025-05-12 23:49:03,13.3761,false
2025-05-12 23:50:02,10.1152,false
2025-05-12 23:50:56,10.2479,false
2025-05-12 23:52:02,10.4193,false
2025-05-12 23:53:02,10.1506,false
2025-05-12 23:54:00,10.7987,false
2025-05-12 23:55:04,12.5293,false
2025-05-12 23:55:58,10.0798,false
2025-05-12 23:56:58,14.3690,true
2025-05-12 23:58:02,13.2362,false
2025-05-12 23:58:55,12.5476,false
