2025-05-01 00:00:00,2.1681,false
2025-05-01 00:10:00,2.3568,false
2025-05-01 00:19:59,2.1417,false
2025-05-01 00:29:59,2.1838,false
2025-05-01 00:39:59,2.0146,false
2025-05-01 00:50:00,2.1328,false
2025-05-01 01:00:00,2.0233,false
2025-05-01 01:10:00,2.4549,false
2025-05-01 01:20:00,2.0801,false
2025-05-01 01:29:59,2.4317,false
2025-05-01 01:40:00,2.0881,false
2025-05-01 01:49:59,2.1215,false
2025-05-01 01:59:59,2.4642,false
2025-05-01 02:09:59,2.1038,false
2025-05-01 02:20:00,2.4091,false
2025-05-01 02:30:00,2.3362,false
2025-05-01 02:40:00,2.2909,false
2025-05-01 02:50:00,2.2014,false
2025-05-01 02:59:59,2.2020,false
2025-05-01 03:09:59,2.2810,false
2025-05-01 03:20:00,2.4192,false
2025-05-01 03:30:00,2.0548,false
2025-05-01 03:39:59,2.1244,false
2025-05-01 03:49:59,2.3993,false
2025-05-01 03:59:59,2.4144,false
2025-05-01 04:10:00,2.4403,false
2025-05-01 04:20:00,2.3738,false
2025-05-01 04:29:59,2.2278,false
2025-05-01 04:39:59,2.3316,false
2025-05-01 04:49:59,2.3939,false
2025-05-01 04:59:59,2.4810,false
2025-05-01 05:09:59,2.0951,false
2025-05-01 05:19:59,2.0159,false
2025-05-01 05:30:00,2.2943,false
2025-05-01 05:40:00,2.1483,false
2025-05-01 05:50:00,2.0477,false
2025-05-01 05:59:59,2.4624,false
2025-05-01 06:10:00,2.0501,false
2025-05-01 06:20:00,2.0766,false
2025-05-01 06:29:59,2.0617,false
2025-05-01 06:40:00,2.0561,false
2025-05-01 06:49:59,2.2052,false
2025-05-01 07:00:00,12.3126,true
2025-05-01 07:10:00,12.1860,true
2025-05-01 07:19:59,12.0596,true
2025-05-01 07:30:00,12.0396,true
2025-05-01 07:40:00,12.2384,true
2025-05-01 07:49:59,12.2582,true
2025-05-01 07:59:59,12.1152,true
2025-05-01 08:09:59,2.4601,false
2025-05-01 08:19:59,2.4316,false
2025-05-01 08:29:59,2.4366,false
2025-05-01 08:39:59,2.3468,false
2025-05-01 08:49:59,2.0407,false
2025-05-01 09:00:00,2.1101,false
2025-05-01 09:10:00,2.1444,false
2025-05-01 09:19:59,2.2325,false
2025-05-01 09:29:59,2.4122,false
2025-05-01 09:39:59,2.1789,false
2025-05-01 09:49:59,2.4227,false
2025-05-01 09:59:59,2.3797,false
2025-05-01 10:09:59,2.0995,false
2025-05-01 10:19:59,2.1422,false
2025-05-01 10:29:59,2.1555,false
2025-05-01 10:40:00,2.2977,false
2025-05-01 10:50:00,2.1142,false
2025-05-01 11:00:00,2.2211,false
2025-05-01 11:09:59,2.1714,false
2025-05-01 11:20:00,2.2232,false
2025-05-01 11:29:59,2.4241,false
2025-05-01 11:40:00,2.3089,false
2025-05-01 11:50:00,2.2194,false
2025-05-01 12:00:00,2.1717,false
2025-05-01 12:10:00,2.4452,false
2025-05-01 12:20:00,2.3211,false
2025-05-01 12:30:00,2.1299,false
2025-05-01 12:40:00,2.0772,false
2025-05-01 12:50:00,2.2402,false
2025-05-01 12:59:59,2.4065,false
2025-05-01 13:10:00,2.2147,false
2025-05-01 13:19:59,2.3536,false
2025-05-01 13:29:59,2.1541,false
2025-05-01 13:40:00,2.1503,false
2025-05-01 13:50:00,2.1748,false
2025-05-01 13:59:59,2.0958,false
2025-05-01 14:09:59,2.4870,false
2025-05-01 14:19:59,2.2202,false
2025-05-01 14:29:59,2.1152,false
2025-05-01 14:40:00,2.2070,false
2025-05-01 14:50:00,2.0602,false
2025-05-01 15:00:00,2.3056,false
2025-05-01 15:10:00,2.2486,false
2025-05-01 15:20:00,2.3149,false
2025-05-01 15:29:59,2.0750,false
2025-05-01 15:39:59,2.0791,false
2025-05-01 15:49:59,2.1685,false
2025-05-01 15:59:59,2.3525,false
2025-05-01 16:09:59,2.2883,false
2025-05-01 16:19:59,2.1634,false
2025-05-01 16:29:59,2.3653,false
2025-05-01 16:39:59,2.0045,false
2025-05-01 16:50:00,2.2793,false
2025-05-01 16:59:59,2.3437,false
2025-05-01 17:09:59,2.0019,false
2025-05-01 17:20:00,2.1954,false
2025-05-01 17:30:00,2.3669,false
2025-05-01 17:40:00,2.0376,false
2025-05-01 17:50:00,2.3645,false
2025-05-01 17:59:59,2.0369,false
2025-05-01 18:10:00,2.2672,false
2025-05-01 18:19:59,2.4118,false
2025-05-01 18:30:00,2.1814,false
2025-05-01 18:39:59,2.0278,false
2025-05-01 18:49:59,2.3662,false
2025-05-01 18:59:59,2.4009,false
2025-05-01 19:09:59,2.0443,false
2025-05-01 19:19:59,2.0637,false
2025-05-01 19:30:00,2.4827,false
2025-05-01 19:39:59,2.3462,false
2025-05-01 19:50:00,2.4445,false
2025-05-01 19:59:59,2.1947,false
2025-05-01 20:09:59,2.1645,false
2025-05-01 20:19:59,2.2128,false
2025-05-01 20:29:59,2.3526,false
2025-05-01 20:40:00,2.2973,false
2025-05-01 20:50:00,2.1102,false
2025-05-01 20:59:59,2.4788,false
2025-05-01 21:09:59,2.2778,false
2025-05-01 21:20:00,2.3719,false
2025-05-01 21:29:59,2.1139,false
2025-05-01 21:40:00,2.4829,false
2025-05-01 21:49:59,2.1942,false
2025-05-01 21:59:59,2.2072,false
2025-05-01 22:09:59,2.0496,false
2025-05-01 22:19:59,2.3287,false
2025-05-01 22:30:00,2.3054,false
2025-05-01 22:40:00,2.3919,false
2025-05-01 22:49:59,2.2267,false
2025-05-01 23:00:00,2.4759,false
2025-05-01 23:10:00,2.3282,false
2025-05-01 23:19:59,2.3049,false
2025-05-01 23:30:00,2.4305,false
2025-05-01 23:40:00,2.1617,false
2025-05-01 23:49:59,2.0912,false
2025-05-02 00:00:00,2.1046,false
2025-05-02 00:09:59,2.1751,false
2025-05-02 00:20:00,2.4443,false
2025-05-02 00:29:59,2.0641,false
2025-05-02 00:40:00,2.0437,false
2025-05-02 00:49:59,2.2635,false
2025-05-02 01:00:00,2.1588,false
2025-05-02 01:10:00,2.4767,false
2025-05-02 01:19:59,2.1980,false
2025-05-02 01:29:59,2.1081,false
2025-05-02 01:39:59,2.2516,false
2025-05-02 01:50:00,2.4450,false
2025-05-02 01:59:59,2.3301,false
2025-05-02 02:09:59,2.2047,false
2025-05-02 02:19:59,2.4249,false
2025-05-02 02:29:59,2.0319,false
2025-05-02 02:39:59,2.1082,false
2025-05-02 02:49:59,2.0301,false
2025-05-02 02:59:59,2.3763,false
2025-05-02 03:09:59,2.4695,false
2025-05-02 03:19:59,2.4059,false
2025-05-02 03:30:00,2.3855,false
2025-05-02 03:40:00,2.4655,false
2025-05-02 03:50:00,2.4492,false
2025-05-02 03:59:59,2.4511,false
2025-05-02 04:10:00,2.0414,false
2025-05-02 04:20:00,2.1809,false
2025-05-02 04:29:59,2.0857,false
2025-05-02 04:40:00,2.1011,false
2025-05-02 04:50:00,2.1279,false
2025-05-02 04:59:59,2.0535,false
2025-05-02 05:10:00,2.2517,false
2025-05-02 05:19:59,2.3081,false
2025-05-02 05:29:59,2.4883,false
2025-05-02 05:40:00,2.4204,false
2025-05-02 05:49:59,2.3495,false
2025-05-02 06:00:00,2.4580,false
2025-05-02 06:09:59,2.1144,false
2025-05-02 06:20:00,2.1984,false
2025-05-02 06:30:00,2.2584,false
2025-05-02 06:40:00,2.0242,false
2025-05-02 06:50:00,2.3398,false
2025-05-02 06:59:59,2.0024,false
2025-05-02 07:09:59,12.2701,true
2025-05-02 07:20:00,12.3702,true
2025-05-02 07:30:00,12.4305,true
2025-05-02 07:40:00,12.2099,true
2025-05-02 07:49:59,12.1591,true
2025-05-02 08:00:00,2.3350,false
2025-05-02 08:10:00,2.3637,false
2025-05-02 08:20:00,2.0240,false
2025-05-02 08:29:59,2.1725,false
2025-05-02 08:39:59,2.0143,false
2025-05-02 08:49:59,2.4530,false
2025-05-02 09:00:00,2.1591,false
2025-05-02 09:10:00,2.0130,false
2025-05-02 09:20:00,2.4844,false
2025-05-02 09:30:00,2.1525,false
2025-05-02 09:40:00,2.3460,false
2025-05-02 09:49:59,2.0656,false
2025-05-02 10:00:00,2.1794,false
2025-05-02 10:09:59,2.3963,false
2025-05-02 10:19:59,2.0974,false
2025-05-02 10:30:00,2.3620,false
2025-05-02 10:39:59,2.3302,false
2025-05-02 10:50:00,2.1128,false
2025-05-02 11:00:00,2.1323,false
2025-05-02 11:09:59,2.1579,false
2025-05-02 11:19:59,2.2417,false
2025-05-02 11:30:00,2.1645,false
2025-05-02 11:40:00,2.0441,false
2025-05-02 11:49:59,2.0974,false
2025-05-02 12:00:00,2.0175,false
2025-05-02 12:09:59,2.3172,false
2025-05-02 12:19:59,2.3079,false
2025-05-02 12:29:59,2.4535,false
2025-05-02 12:39:59,2.4019,false
2025-05-02 12:50:00,2.4431,false
2025-05-02 12:59:59,2.2723,false
2025-05-02 13:10:00,2.0065,false
2025-05-02 13:19:59,2.0386,false
2025-05-02 13:29:59,2.2323,false
2025-05-02 13:39:59,2.1703,false
2025-05-02 13:49:59,2.3857,false
2025-05-02 13:59:59,2.2723,false
2025-05-02 14:10:00,2.4128,false
2025-05-02 14:19:59,2.3008,false
2025-05-02 14:30:00,2.2568,false
2025-05-02 14:39:59,2.0793,false
2025-05-02 14:50:00,2.0676,false
2025-05-02 14:59:59,2.4537,false
2025-05-02 15:10:00,2.2675,false
2025-05-02 15:19:59,2.4199,false
2025-05-02 15:29:59,2.0206,false
2025-05-02 15:39:59,2.4847,false
2025-05-02 15:49:59,2.2194,false
2025-05-02 15:59:59,2.0383,false
2025-05-02 16:10:00,2.4745,false
2025-05-02 16:19:59,2.3226,false
2025-05-02 16:29:59,2.3809,false
2025-05-02 16:39:59,2.2693,false
2025-05-02 16:49:59,2.0970,false
2025-05-02 17:00:00,2.3742,false
2025-05-02 17:10:00,2.4993,false
2025-05-02 17:20:00,2.1198,false
2025-05-02 17:30:00,2.4039,false
2025-05-02 17:39:59,2.1431,false
2025-05-02 17:50:00,2.4211,false
2025-05-02 17:59:59,2.1872,false
2025-05-02 18:10:00,2.3240,false
2025-05-02 18:20:00,2.1478,false
2025-05-02 18:30:00,2.0719,false
2025-05-02 18:39:59,2.1878,false
2025-05-02 18:50:00,2.2790,false
2025-05-02 18:59:59,2.0537,false
2025-05-02 19:10:00,2.3022,false
2025-05-02 19:19:59,2.3138,false
2025-05-02 19:29:59,2.3254,false
2025-05-02 19:40:00,2.2976,false
2025-05-02 19:49:59,2.1701,false
2025-05-02 19:59:59,2.4915,false
2025-05-02 20:10:00,2.4747,false
2025-05-02 20:19:59,2.1283,false
2025-05-02 20:29:59,2.3297,false
2025-05-02 20:40:00,2.1815,false
2025-05-02 20:49:59,2.0467,false
2025-05-02 20:59:59,2.4754,false
2025-05-02 21:10:00,2.2954,false
2025-05-02 21:19:59,2.3998,false
2025-05-02 21:30:00,2.4041,false
2025-05-02 21:40:00,2.0205,false
2025-05-02 21:50:00,2.3834,false
2025-05-02 22:00:00,2.3110,false
2025-05-02 22:10:00,2.0708,false
2025-05-02 22:20:00,2.0692,false
2025-05-02 22:30:00,2.1090,false
2025-05-02 22:39:59,2.0548,false
2025-05-02 22:50:00,2.3684,false
2025-05-02 23:00:00,2.0887,false
2025-05-02 23:09:59,2.1051,false
2025-05-02 23:19:59,2.0106,false
2025-05-02 23:30:00,2.0622,false
2025-05-02 23:39:59,2.2858,false
2025-05-02 23:49:59,2.1624,false
2025-05-02 23:59:59,2.1166,false
2025-05-03 00:10:00,2.0203,false
2025-05-03 00:19:59,2.2389,false
2025-05-03 00:30:00,2.4432,false
2025-05-03 00:40:00,2.1010,false
2025-05-03 00:50:00,2.0522,false
2025-05-03 01:00:00,2.2015,false
2025-05-03 01:10:00,2.1829,false
2025-05-03 01:20:00,2.1437,false
2025-05-03 01:30:00,2.0420,false
2025-05-03 01:40:00,2.2071,false
2025-05-03 01:50:00,2.4354,false
2025-05-03 01:59:59,2.0297,false
2025-05-03 02:09:59,2.4880,false
2025-05-03 02:19:59,2.0930,false
2025-05-03 02:30:00,2.3829,false
2025-05-03 02:40:00,2.1142,false
2025-05-03 02:49:59,2.0510,false
2025-05-03 02:59:59,2.1104,false
2025-05-03 03:09:59,2.0775,false
2025-05-03 03:19:59,2.1913,false
2025-05-03 03:30:00,2.3834,false
2025-05-03 03:40:00,2.4268,false
2025-05-03 03:49:59,2.2846,false
2025-05-03 04:00:00,2.2156,false
2025-05-03 04:10:00,2.1693,false
2025-05-03 04:20:00,2.3246,false
2025-05-03 04:30:00,2.1766,false
2025-05-03 04:40:00,2.3297,false
2025-05-03 04:50:00,2.3620,false
2025-05-03 05:00:00,2.0198,false
2025-05-03 05:10:00,2.2572,false
2025-05-03 05:19:59,2.2309,false
2025-05-03 05:29:59,2.4357,false
2025-05-03 05:40:00,2.0640,false
2025-05-03 05:50:00,2.4937,false
2025-05-03 06:00:00,2.3683,false
2025-05-03 06:10:00,2.4067,false
2025-05-03 06:20:00,2.4932,false
2025-05-03 06:29:59,2.1544,false
2025-05-03 06:39:59,2.2950,false
2025-05-03 06:49:59,2.1227,false
2025-05-03 07:00:00,12.0330,true
2025-05-03 07:09:59,12.4049,true
2025-05-03 07:19:59,12.2664,true
2025-05-03 07:30:00,12.1268,true
2025-05-03 07:39:59,12.3065,true
2025-05-03 07:50:00,12.0980,true
2025-05-03 07:59:59,12.1519,true
2025-05-03 08:09:59,2.0125,false
2025-05-03 08:19:59,2.3641,false
2025-05-03 08:30:00,2.0299,false
2025-05-03 08:40:00,2.2117,false
2025-05-03 08:50:00,2.0065,false
2025-05-03 09:00:00,2.0612,false
2025-05-03 09:10:00,2.1748,false
2025-05-03 09:20:00,2.0910,false
2025-05-03 09:30:00,2.3297,false
2025-05-03 09:39:59,2.3652,false
2025-05-03 09:49:59,2.1904,false
2025-05-03 10:00:00,2.2160,false
2025-05-03 10:09:59,2.3438,false
2025-05-03 10:20:00,2.4932,false
2025-05-03 10:30:00,2.2571,false
2025-05-03 10:39:59,2.2538,false
2025-05-03 10:49:59,2.4004,false
2025-05-03 10:59:59,2.2785,false
2025-05-03 11:09:59,2.2431,false
2025-05-03 11:19:59,2.0333,false
2025-05-03 11:29:59,2.1041,false
2025-05-03 11:39:59,2.0893,false
2025-05-03 11:50:00,2.1002,false
2025-05-03 12:00:00,2.0055,false
2025-05-03 12:09:59,2.4896,false
2025-05-03 12:20:00,2.1694,false
2025-05-03 12:30:00,2.2701,false
2025-05-03 12:40:00,2.2112,false
2025-05-03 12:50:00,2.4219,false
2025-05-03 12:59:59,2.0662,false
2025-05-03 13:10:00,2.4579,false
2025-05-03 13:19:59,2.3923,false
2025-05-03 13:30:00,2.0453,false
2025-05-03 13:39:59,2.0573,false
2025-05-03 13:49:59,2.0261,false
2025-05-03 14:00:00,2.1419,false
2025-05-03 14:09:59,2.0450,false
2025-05-03 14:20:00,2.3206,false
2025-05-03 14:29:59,2.2867,false
2025-05-03 14:39:59,2.4560,false
2025-05-03 14:49:59,2.2735,false
2025-05-03 14:59:59,2.2912,false
2025-05-03 15:10:00,2.1847,false
2025-05-03 15:20:00,2.3228,false
2025-05-03 15:29:59,2.0660,false
2025-05-03 15:40:00,2.4017,false
2025-05-03 15:50:00,2.2860,false
2025-05-03 16:00:00,2.3326,false
2025-05-03 16:09:59,2.3938,false
2025-05-03 16:19:59,2.2737,false
2025-05-03 16:30:00,2.3111,false
2025-05-03 16:39:59,2.3512,false
2025-05-03 16:49:59,2.4141,false
2025-05-03 16:59:59,2.0318,false
2025-05-03 17:10:00,2.1868,false
2025-05-03 17:19:59,2.4656,false
2025-05-03 17:29:59,2.1974,false
2025-05-03 17:40:00,2.3643,false
2025-05-03 17:50:00,2.4393,false
2025-05-03 18:00:00,2.4663,false
2025-05-03 18:10:00,2.3864,false
2025-05-03 18:19:59,2.4331,false
2025-05-03 18:30:00,2.0450,false
2025-05-03 18:39:59,2.2889,false
2025-05-03 18:50:00,2.4286,false
2025-05-03 18:59:59,2.3692,false
2025-05-03 19:10:00,2.0199,false
2025-05-03 19:20:00,2.1957,false
2025-05-03 19:30:00,2.2448,false
2025-05-03 19:39:59,2.2600,false
2025-05-03 19:49:59,2.3466,false
2025-05-03 19:59:59,2.1409,false
2025-05-03 20:10:00,2.3167,false
2025-05-03 20:19:59,2.3086,false
2025-05-03 20:29:59,2.2768,false
2025-05-03 20:39:59,2.4191,false
2025-05-03 20:49:59,2.4599,false
2025-05-03 21:00:00,2.2724,false
2025-05-03 21:09:59,2.1603,false
2025-05-03 21:20:00,2.2061,false
2025-05-03 21:29:59,2.2095,false
2025-05-03 21:40:00,2.0367,false
2025-05-03 21:49:59,2.4936,false
2025-05-03 21:59:59,2.0074,false
2025-05-03 22:09:59,2.4525,false
2025-05-03 22:19:59,2.1730,false
2025-05-03 22:29:59,2.3977,false
2025-05-03 22:40:00,2.0033,false
2025-05-03 22:49:59,2.0978,false
2025-05-03 22:59:59,2.4358,false
2025-05-03 23:10:00,2.3195,false
2025-05-03 23:19:59,2.4568,false
2025-05-03 23:30:00,2.1881,false
2025-05-03 23:39:59,2.2383,false
2025-05-03 23:50:00,2.2300,false
2025-05-04 00:00:00,2.1450,false
2025-05-04 00:10:00,2.4129,false
2025-05-04 00:20:00,2.3604,false
2025-05-04 00:30:00,2.1842,false
2025-05-04 00:39:59,2.3340,false
2025-05-04 00:50:00,2.1116,false
2025-05-04 01:00:00,2.3940,false
2025-05-04 01:09:59,2.0554,false
2025-05-04 01:19:59,2.0799,false
2025-05-04 01:30:00,2.3726,false
2025-05-04 01:40:00,2.3449,false
2025-05-04 01:49:59,2.3886,false
2025-05-04 02:00:00,2.0609,false
2025-05-04 02:10:00,2.2601,false
2025-05-04 02:19:59,2.3469,false
2025-05-04 02:29:59,2.0684,false
2025-05-04 02:39:59,2.1064,false
2025-05-04 02:50:00,2.0434,false
2025-05-04 02:59:59,2.1382,false
2025-05-04 03:10:00,2.4194,false
2025-05-04 03:19:59,2.2071,false
2025-05-04 03:29:59,2.2369,false
2025-05-04 03:39:59,2.2143,false
2025-05-04 03:49:59,2.2590,false
2025-05-04 03:59:59,2.0770,false
2025-05-04 04:10:00,2.2548,false
2025-05-04 04:20:00,2.1552,false
2025-05-04 04:30:00,2.3835,false
2025-05-04 04:39:59,2.2104,false
2025-05-04 04:49:59,2.0234,false
2025-05-04 05:00:00,2.4531,false
2025-05-04 05:09:59,2.3086,false
2025-05-04 05:19:59,2.3080,false
2025-05-04 05:29:59,2.1693,false
2025-05-04 05:39:59,2.3129,false
2025-05-04 05:49:59,2.2761,false
2025-05-04 06:00:00,2.2882,false
2025-05-04 06:09:59,2.2252,false
2025-05-04 06:20:00,2.3137,false
2025-05-04 06:29:59,2.3948,false
2025-05-04 06:40:00,2.4441,false
2025-05-04 06:50:00,2.0858,false
2025-05-04 07:00:00,12.2276,true
2025-05-04 07:09:59,12.0556,true
2025-05-04 07:20:00,12.1523,true
2025-05-04 07:29:59,12.3678,true
2025-05-04 07:39:59,12.2154,true
2025-05-04 07:50:00,12.2892,true
2025-05-04 08:00:00,2.2196,false
2025-05-04 08:10:00,2.0894,false
2025-05-04 08:20:00,2.1630,false
2025-05-04 08:30:00,2.1516,false
2025-05-04 08:40:00,2.3381,false
2025-05-04 08:49:59,2.3036,false
2025-05-04 09:00:00,2.4900,false
2025-05-04 09:10:00,2.1532,false
2025-05-04 09:19:59,2.0858,false
2025-05-04 09:30:00,2.1949,false
2025-05-04 09:40:00,2.0441,false
2025-05-04 09:50:00,2.0620,false
2025-05-04 09:59:59,2.1363,false
2025-05-04 10:09:59,2.4136,false
2025-05-04 10:20:00,2.1243,false
2025-05-04 10:29:59,2.1122,false
2025-05-04 10:39:59,2.1922,false
2025-05-04 10:50:00,2.3147,false
2025-05-04 10:59:59,2.0083,false
2025-05-04 11:09:59,2.3647,false
2025-05-04 11:19:59,2.1989,false
2025-05-04 11:30:00,2.0774,false
2025-05-04 11:39:59,2.0344,false
2025-05-04 11:49:59,2.1420,false
2025-05-04 12:00:00,2.3201,false
2025-05-04 12:10:00,2.2150,false
2025-05-04 12:20:00,2.1663,false
2025-05-04 12:30:00,2.1483,false
2025-05-04 12:40:00,2.3465,false
2025-05-04 12:49:59,2.4934,false
2025-05-04 13:00:00,2.1983,false
2025-05-04 13:09:59,2.3329,false
2025-05-04 13:20:00,2.2627,false
2025-05-04 13:29:59,2.1765,false
2025-05-04 13:40:00,2.0262,false
2025-05-04 13:49:59,2.4866,false
2025-05-04 13:59:59,2.3193,false
2025-05-04 14:10:00,2.3925,false
2025-05-04 14:19:59,2.4249,false
2025-05-04 14:30:00,2.4810,false
2025-05-04 14:39:59,2.0459,false
2025-05-04 14:49:59,2.1049,false
2025-05-04 15:00:00,2.2678,false
2025-05-04 15:10:00,2.0198,false
2025-05-04 15:20:00,2.3941,false
2025-05-04 15:29:59,2.0801,false
2025-05-04 15:39:59,2.0415,false
2025-05-04 15:49:59,2.1959,false
2025-05-04 15:59:59,2.3603,false
2025-05-04 16:09:59,2.0138,false
2025-05-04 16:19:59,2.0040,false
2025-05-04 16:29:59,2.1114,false
2025-05-04 16:39:59,2.1123,false
2025-05-04 16:50:00,2.0808,false
2025-05-04 17:00:00,2.2572,false
2025-05-04 17:10:00,2.0249,false
2025-05-04 17:19:59,2.0835,false
2025-05-04 17:30:00,2.4134,false
2025-05-04 17:39:59,2.1903,false
2025-05-04 17:50:00,2.4269,false
2025-05-04 17:59:59,2.0193,false
2025-05-04 18:09:59,2.3728,false
2025-05-04 18:20:00,2.1296,false
2025-05-04 18:29:59,2.3558,false
2025-05-04 18:39:59,2.2353,false
2025-05-04 18:50:00,2.4816,false
2025-05-04 19:00:00,2.3455,false
2025-05-04 19:10:00,2.3089,false
2025-05-04 19:19:59,2.3792,false
2025-05-04 19:29:59,2.0496,false
2025-05-04 19:39:59,2.1715,false
2025-05-04 19:50:00,2.2472,false
2025-05-04 20:00:00,2.1401,false
2025-05-04 20:09:59,2.0236,false
2025-05-04 20:19:59,2.0535,false
2025-05-04 20:29:59,2.3523,false
2025-05-04 20:39:59,2.2691,false
2025-05-04 20:50:00,2.0435,false
2025-05-04 20:59:59,2.3653,false
2025-05-04 21:09:59,2.0211,false
2025-05-04 21:20:00,2.1797,false
2025-05-04 21:30:00,2.4124,false
2025-05-04 21:39:59,2.2944,false
2025-05-04 21:50:00,2.1562,false
2025-05-04 22:00:00,2.2460,false
2025-05-04 22:09:59,2.1458,false
2025-05-04 22:19:59,2.1386,false
2025-05-04 22:29:59,2.3378,false
2025-05-04 22:39:59,2.0494,false
2025-05-04 22:50:00,2.3756,false
2025-05-04 23:00:00,2.4674,false
2025-05-04 23:09:59,2.3454,false
2025-05-04 23:19:59,2.3009,false
2025-05-04 23:30:00,2.1999,false
2025-05-04 23:39:59,2.0733,false
2025-05-04 23:49:59,2.3553,false
2025-05-04 23:59:59,2.3428,false
2025-05-05 00:10:00,2.0762,false
2025-05-05 00:19:59,2.1588,false
2025-05-05 00:30:00,2.2959,false
2025-05-05 00:39:59,2.3806,false
2025-05-05 00:49:59,2.1786,false
2025-05-05 01:00:00,2.2103,false
2025-05-05 01:10:00,2.4083,false
2025-05-05 01:20:00,2.1247,false
2025-05-05 01:30:00,2.2413,false
2025-05-05 01:39:59,2.0826,false
2025-05-05 01:50:00,2.4399,false
2025-05-05 02:00:00,2.4454,false
2025-05-05 02:09:59,2.1306,false
2025-05-05 02:20:00,2.4765,false
2025-05-05 02:29:59,2.1417,false
2025-05-05 02:40:00,2.3810,false
2025-05-05 02:50:00,2.4958,false
2025-05-05 03:00:00,2.4286,false
2025-05-05 03:09:59,2.4448,false
2025-05-05 03:19:59,2.3978,false
2025-05-05 03:29:59,2.0931,false
2025-05-05 03:39:59,2.0983,false
2025-05-05 03:50:00,2.3784,false
2025-05-05 04:00:00,2.0908,false
2025-05-05 04:10:00,2.4846,false
2025-05-05 04:19:59,2.2625,false
2025-05-05 04:29:59,2.2444,false
2025-05-05 04:39:59,2.4372,false
2025-05-05 04:50:00,2.2587,false
2025-05-05 05:00:00,2.0605,false
2025-05-05 05:10:00,2.4384,false
2025-05-05 05:19:59,2.2936,false
2025-05-05 05:30:00,2.4209,false
2025-05-05 05:39:59,2.4352,false
2025-05-05 05:49:59,2.4352,false
2025-05-05 06:00:00,2.0569,false
2025-05-05 06:10:00,2.4025,false
2025-05-05 06:19:59,2.2482,false
2025-05-05 06:30:00,2.3896,false
2025-05-05 06:40:00,2.2711,false
2025-05-05 06:49:59,2.3153,false
2025-05-05 07:00:00,12.2987,true
2025-05-05 07:09:59,12.4822,true
2025-05-05 07:19:59,12.3376,true
2025-05-05 07:29:59,12.2183,true
2025-05-05 07:39:59,12.4836,true
2025-05-05 07:50:00,12.1402,true
2025-05-05 07:59:59,12.3851,true
2025-05-05 08:10:00,2.3485,false
2025-05-05 08:20:00,2.1460,false
2025-05-05 08:29:59,2.1114,false
2025-05-05 08:40:00,2.2608,false
2025-05-05 08:50:00,2.0125,false
2025-05-05 08:59:59,2.0674,false
2025-05-05 09:09:59,2.4833,false
2025-05-05 09:19:59,2.4969,false
2025-05-05 09:29:59,2.1047,false
2025-05-05 09:39:59,2.1433,false
2025-05-05 09:49:59,2.0616,false
2025-05-05 10:00:00,2.3574,false
2025-05-05 10:10:00,2.4272,false
2025-05-05 10:19:59,2.0108,false
2025-05-05 10:30:00,2.2064,false
2025-05-05 10:39:59,2.3042,false
2025-05-05 10:49:59,2.4114,false
2025-05-05 10:59:59,2.0775,false
2025-05-05 11:09:59,2.0105,false
2025-05-05 11:20:00,2.2912,false
2025-05-05 11:30:00,2.1494,false
2025-05-05 11:39:59,2.2475,false
2025-05-05 11:50:00,2.1290,false
2025-05-05 12:00:00,2.0873,false
2025-05-05 12:09:59,2.1051,false
2025-05-05 12:19:59,2.4058,false
2025-05-05 12:30:00,2.4390,false
2025-05-05 12:40:00,2.3992,false
2025-05-05 12:50:00,2.1488,false
2025-05-05 13:00:00,2.4819,false
2025-05-05 13:10:00,2.4444,false
2025-05-05 13:20:00,2.2260,false
2025-05-05 13:29:59,2.0529,false
2025-05-05 13:40:00,2.3779,false
2025-05-05 13:50:00,2.3739,false
2025-05-05 14:00:00,2.3737,false
2025-05-05 14:09:59,2.0351,false
2025-05-05 14:19:59,2.3568,false
2025-05-05 14:29:59,2.1436,false
2025-05-05 14:40:00,2.4988,false
2025-05-05 14:49:59,2.4790,false
2025-05-05 15:00:00,2.0862,false
2025-05-05 15:09:59,2.0383,false
2025-05-05 15:19:59,2.3908,false
2025-05-05 15:30:00,2.4507,false
2025-05-05 15:40:00,2.0958,false
2025-05-05 15:49:59,2.4212,false
2025-05-05 16:00:00,2.4846,false
2025-05-05 16:10:00,2.4604,false
2025-05-05 16:19:59,2.3701,false
2025-05-05 16:29:59,2.0116,false
2025-05-05 16:39:59,2.2286,false
2025-05-05 16:50:00,2.2335,false
2025-05-05 16:59:59,2.1346,false
2025-05-05 17:09:59,2.2375,false
2025-05-05 17:20:00,2.0986,false
2025-05-05 17:29:59,2.4558,false
2025-05-05 17:40:00,2.0354,false
2025-05-05 17:49:59,2.3052,false
2025-05-05 17:59:59,2.2032,false
2025-05-05 18:10:00,2.2579,false
2025-05-05 18:20:00,2.0016,false
2025-05-05 18:30:00,2.4997,false
2025-05-05 18:40:00,2.0228,false
2025-05-05 18:50:00,2.2728,false
2025-05-05 19:00:00,2.4470,false
2025-05-05 19:09:59,2.2503,false
2025-05-05 19:19:59,2.1927,false
2025-05-05 19:29:59,2.3273,false
2025-05-05 19:40:00,2.1326,false
2025-05-05 19:49:59,2.3135,false
2025-05-05 19:59:59,2.4429,false
2025-05-05 20:10:00,2.0035,false
2025-05-05 20:20:00,2.3603,false
2025-05-05 20:29:59,2.0795,false
2025-05-05 20:40:00,2.4354,false
2025-05-05 20:49:59,2.3743,false
2025-05-05 21:00:00,2.2705,false
2025-05-05 21:09:59,2.3178,false
2025-05-05 21:20:00,2.4373,false
2025-05-05 21:30:00,2.4762,false
2025-05-05 21:39:59,2.0416,false
2025-05-05 21:50:00,2.0184,false
2025-05-05 21:59:59,2.1920,false
2025-05-05 22:09:59,2.2243,false
2025-05-05 22:19:59,2.2678,false
2025-05-05 22:30:00,2.3205,false
2025-05-05 22:39:59,2.0678,false
2025-05-05 22:49:59,2.3277,false
2025-05-05 23:00:00,2.2995,false
2025-05-05 23:09:59,2.3159,false
2025-05-05 23:19:59,2.2096,false
2025-05-05 23:30:00,2.4172,false
2025-05-05 23:40:00,2.1023,false
2025-05-05 23:50:00,2.0981,false
2025-05-05 23:59:59,2.4931,false
2025-05-06 00:09:59,2.1724,false
2025-05-06 00:19:59,2.1359,false
2025-05-06 00:29:59,2.4539,false
2025-05-06 00:40:00,2.2406,false
2025-05-06 00:49:59,2.1332,false
2025-05-06 00:59:59,2.2464,false
2025-05-06 01:09:59,2.2467,false
2025-05-06 01:19:59,2.2782,false
2025-05-06 01:30:00,2.1140,false
2025-05-06 01:39:59,2.1456,false
2025-05-06 01:50:00,2.2796,false
2025-05-06 01:59:59,2.1353,false
2025-05-06 02:09:59,2.2426,false
2025-05-06 02:20:00,2.4213,false
2025-05-06 02:29:59,2.1352,false
2025-05-06 02:39:59,2.0736,false
2025-05-06 02:50:00,2.3408,false
2025-05-06 02:59:59,2.2360,false
2025-05-06 03:10:00,2.4574,false
2025-05-06 03:20:00,2.1553,false
2025-05-06 03:30:00,2.3198,false
2025-05-06 03:39:59,2.0329,false
2025-05-06 03:49:59,2.0099,false
2025-05-06 03:59:59,2.1431,false
2025-05-06 04:09:59,2.3741,false
2025-05-06 04:20:00,2.4339,false
2025-05-06 04:30:00,2.2630,false
2025-05-06 04:39:59,2.3564,false
2025-05-06 04:49:59,2.1986,false
2025-05-06 04:59:59,2.2382,false
2025-05-06 05:10:00,2.3761,false
2025-05-06 05:19:59,2.2978,false
2025-05-06 05:29:59,2.3945,false
2025-05-06 05:39:59,2.1281,false
2025-05-06 05:49:59,2.4578,false
2025-05-06 05:59:59,2.4347,false
2025-05-06 06:10:00,2.1375,false
2025-05-06 06:19:59,2.3356,false
2025-05-06 06:30:00,2.1545,false
2025-05-06 06:40:00,2.1159,false
2025-05-06 06:50:00,2.0054,false
2025-05-06 07:00:00,12.4105,true
2025-05-06 07:10:00,12.2019,true
2025-05-06 07:19:59,12.1368,true
2025-05-06 07:30:00,12.4031,true
2025-05-06 07:40:00,12.0915,true
2025-05-06 07:50:00,12.3371,true
2025-05-06 07:59:59,12.1010,true
2025-05-06 08:10:00,2.4327,false
2025-05-06 08:19:59,2.3819,false
2025-05-06 08:29:59,2.3199,false
2025-05-06 08:40:00,2.1483,false
2025-05-06 08:50:00,2.4838,false
2025-05-06 08:59:59,2.1156,false
2025-05-06 09:10:00,2.2883,false
2025-05-06 09:19:59,2.2270,false
2025-05-06 09:30:00,2.3411,false
2025-05-06 09:40:00,2.2071,false
2025-05-06 09:50:00,2.4334,false
2025-05-06 09:59:59,2.4054,false
2025-05-06 10:10:00,2.2285,false
2025-05-06 10:20:00,2.3658,false
2025-05-06 10:29:59,2.3822,false
2025-05-06 10:39:59,2.4909,false
2025-05-06 10:49:59,2.2792,false
2025-05-06 10:59:59,2.1775,false
2025-05-06 11:09:59,2.1092,false
2025-05-06 11:20:00,2.3255,false
2025-05-06 11:29:59,2.0464,false
2025-05-06 11:40:00,2.3711,false
2025-05-06 11:50:00,2.2023,false
2025-05-06 11:59:59,2.1596,false
2025-05-06 12:09:59,2.0438,false
2025-05-06 12:20:00,2.4212,false
2025-05-06 12:29:59,2.0020,false
2025-05-06 12:39:59,2.0070,false
2025-05-06 12:50:00,2.2961,false
2025-05-06 12:59:59,2.4318,false
2025-05-06 13:10:00,2.0545,false
2025-05-06 13:20:00,2.1665,false
2025-05-06 13:29:59,2.2380,false
2025-05-06 13:40:00,2.0477,false
2025-05-06 13:49:59,2.4634,false
2025-05-06 13:59:59,2.0683,false
2025-05-06 14:10:00,2.1611,false
2025-05-06 14:19:59,2.2292,false
2025-05-06 14:29:59,2.2340,false
2025-05-06 14:39:59,2.3186,false
2025-05-06 14:50:00,2.2446,false
2025-05-06 15:00:00,2.0569,false
2025-05-06 15:10:00,2.0775,false
2025-05-06 15:19:59,2.3007,false
2025-05-06 15:29:59,2.4510,false
2025-05-06 15:39:59,2.3113,false
2025-05-06 15:50:00,2.3970,false
2025-05-06 15:59:59,2.0829,false
2025-05-06 16:09:59,2.3928,false
2025-05-06 16:20:00,2.2714,false
2025-05-06 16:29:59,2.1028,false
2025-05-06 16:40:00,2.2826,false
2025-05-06 16:50:00,2.3798,false
2025-05-06 16:59:59,2.1917,false
2025-05-06 17:09:59,2.4571,false
2025-05-06 17:19:59,2.4873,false
2025-05-06 17:29:59,2.0594,false
2025-05-06 17:40:00,2.3501,false
2025-05-06 17:49:59,2.3220,false
2025-05-06 17:59:59,2.2425,false
2025-05-06 18:09:59,2.4717,false
2025-05-06 18:20:00,2.2814,false
2025-05-06 18:29:59,2.4875,false
2025-05-06 18:40:00,2.3580,false
2025-05-06 18:50:00,2.4797,false
2025-05-06 19:00:00,2.4179,false
2025-05-06 19:10:00,2.1558,false
2025-05-06 19:20:00,2.0239,false
2025-05-06 19:30:00,2.2378,false
2025-05-06 19:40:00,2.1506,false
2025-05-06 19:49:59,2.1693,false
2025-05-06 20:00:00,2.0747,false
2025-05-06 20:10:00,2.0988,false
2025-05-06 20:20:00,2.4571,false
2025-05-06 20:29:59,2.2382,false
2025-05-06 20:40:00,2.2630,false
2025-05-06 20:49:59,2.3889,false
2025-05-06 21:00:00,2.2242,false
2025-05-06 21:10:00,2.0873,false
2025-05-06 21:20:00,2.0552,false
2025-05-06 21:29:59,2.2116,false
2025-05-06 21:40:00,2.4502,false
2025-05-06 21:50:00,2.3570,false
2025-05-06 22:00:00,2.4700,false
2025-05-06 22:09:59,2.3345,false
2025-05-06 22:20:00,2.1815,false
2025-05-06 22:30:00,2.2672,false
2025-05-06 22:39:59,2.4741,false
2025-05-06 22:50:00,2.3756,false
2025-05-06 22:59:59,2.4849,false
2025-05-06 23:09:59,2.1406,false
2025-05-06 23:19:59,2.4320,false
2025-05-06 23:29:59,2.1990,false
2025-05-06 23:40:00,2.2094,false
2025-05-06 23:50:00,2.2808,false
2025-05-06 23:59:59,2.1534,false
2025-05-07 00:10:00,2.2709,false
2025-05-07 00:19:59,2.2386,false
2025-05-07 00:30:00,2.2243,false
2025-05-07 00:40:00,2.0645,false
2025-05-07 00:49:59,2.1472,false
2025-05-07 00:59:59,2.2057,false
2025-05-07 01:09:59,2.1978,false
2025-05-07 01:19:59,2.1838,false
2025-05-07 01:29:59,2.0526,false
2025-05-07 01:39:59,2.3758,false
2025-05-07 01:49:59,2.2166,false
2025-05-07 01:59:59,2.1321,false
2025-05-07 02:09:59,2.4958,false
2025-05-07 02:19:59,2.4892,false
2025-05-07 02:29:59,2.3312,false
2025-05-07 02:40:00,2.0233,false
2025-05-07 02:50:00,2.4501,false
2025-05-07 03:00:00,2.1034,false
2025-05-07 03:10:00,2.3418,false
2025-05-07 03:19:59,2.1688,false
2025-05-07 03:29:59,2.2695,false
2025-05-07 03:40:00,2.0838,false
2025-05-07 03:50:00,2.2339,false
2025-05-07 03:59:59,2.1419,false
2025-05-07 04:09:59,2.4384,false
2025-05-07 04:19:59,2.2806,false
2025-05-07 04:30:00,2.1998,false
2025-05-07 04:40:00,2.1755,false
2025-05-07 04:49:59,2.0980,false
2025-05-07 05:00:00,2.4278,false
2025-05-07 05:10:00,2.4299,false
2025-05-07 05:19:59,2.3868,false
2025-05-07 05:29:59,2.4623,false
2025-05-07 05:40:00,2.4595,false
2025-05-07 05:50:00,2.4578,false
2025-05-07 05:59:59,2.0922,false
2025-05-07 06:10:00,2.0290,false
2025-05-07 06:19:59,2.1056,false
2025-05-07 06:30:00,2.2635,false
2025-05-07 06:40:00,2.4819,false
2025-05-07 06:50:00,2.3465,false
2025-05-07 07:00:00,12.3158,true
2025-05-07 07:10:00,12.0370,true
2025-05-07 07:20:00,12.0543,true
2025-05-07 07:30:00,12.0428,true
2025-05-07 07:40:00,12.2010,true
2025-05-07 07:50:00,12.2230,true
2025-05-07 07:59:59,12.2584,true
2025-05-07 08:10:00,2.0517,false
2025-05-07 08:20:00,2.3119,false
2025-05-07 08:29:59,2.3835,false
2025-05-07 08:40:00,2.1806,false
2025-05-07 08:49:59,2.1902,false
2025-05-07 08:59:59,2.3720,false
2025-05-07 09:10:00,2.1797,false
2025-05-07 09:19:59,2.2660,false
2025-05-07 09:30:00,2.2529,false
2025-05-07 09:39:59,2.1999,false
2025-05-07 09:49:59,2.1988,false
2025-05-07 10:00:00,2.3634,false
2025-05-07 10:09:59,2.2390,false
2025-05-07 10:20:00,2.2923,false
2025-05-07 10:29:59,2.0238,false
2025-05-07 10:39:59,2.0665,false
2025-05-07 10:49:59,2.2750,false
2025-05-07 10:59:59,2.2679,false
2025-05-07 11:10:00,2.4981,false
2025-05-07 11:20:00,2.3039,false
2025-05-07 11:30:00,2.0714,false
2025-05-07 11:40:00,2.1093,false
2025-05-07 11:50:00,2.3717,false
2025-05-07 11:59:59,2.2502,false
2025-05-07 12:09:59,2.1401,false
2025-05-07 12:20:00,2.2519,false
2025-05-07 12:29:59,2.3936,false
2025-05-07 12:39:59,2.2890,false
2025-05-07 12:49:59,2.2019,false
2025-05-07 12:59:59,2.1953,false
2025-05-07 13:10:00,2.0829,false
2025-05-07 13:19:59,2.3940,false
2025-05-07 13:30:00,2.2407,false
2025-05-07 13:39:59,2.2489,false
2025-05-07 13:50:00,2.3013,false
2025-05-07 13:59:59,2.3926,false
2025-05-07 14:09:59,2.2710,false
2025-05-07 14:19:59,2.2081,false
2025-05-07 14:29:59,2.3178,false
2025-05-07 14:40:00,2.4890,false
2025-05-07 14:50:00,2.0961,false
2025-05-07 14:59:59,2.0055,false
2025-05-07 15:09:59,2.3486,false
2025-05-07 15:20:00,2.1187,false
2025-05-07 15:30:00,2.3946,false
2025-05-07 15:40:00,2.2781,false
2025-05-07 15:49:59,2.3179,false
2025-05-07 16:00:00,2.1552,false
2025-05-07 16:10:00,2.3529,false
2025-05-07 16:20:00,2.2891,false
2025-05-07 16:30:00,2.2516,false
2025-05-07 16:40:00,2.1267,false
2025-05-07 16:49:59,2.2200,false
2025-05-07 16:59:59,2.0046,false
2025-05-07 17:09:59,2.4526,false
2025-05-07 17:20:00,2.3004,false
2025-05-07 17:29:59,2.0603,false
2025-05-07 17:40:00,2.3158,false
2025-05-07 17:50:00,2.4327,false
2025-05-07 17:59:59,2.1318,false
2025-05-07 18:09:59,2.2759,false
2025-05-07 18:20:00,2.2627,false
2025-05-07 18:29:59,2.0854,false
2025-05-07 18:39:59,2.3923,false
2025-05-07 18:49:59,2.2653,false
2025-05-07 18:59:59,2.3984,false
2025-05-07 19:09:59,2.2664,false
2025-05-07 19:19:59,2.2812,false
2025-05-07 19:30:00,2.3461,false
2025-05-07 19:39:59,2.0359,false
2025-05-07 19:49:59,2.3630,false
2025-05-07 19:59:59,2.2081,false
2025-05-07 20:09:59,2.1953,false
2025-05-07 20:19:59,2.4488,false
2025-05-07 20:29:59,2.3883,false
2025-05-07 20:40:00,2.4600,false
2025-05-07 20:49:59,2.4958,false
2025-05-07 21:00:00,2.2418,false
2025-05-07 21:10:00,2.3987,false
2025-05-07 21:19:59,2.4946,false
2025-05-07 21:29:59,2.1834,false
2025-05-07 21:39:59,2.0686,false
2025-05-07 21:50:00,2.2344,false
2025-05-07 22:00:00,2.1985,false
2025-05-07 22:09:59,2.0281,false
2025-05-07 22:19:59,2.4503,false
2025-05-07 22:29:59,2.4542,false
2025-05-07 22:40:00,2.2267,false
2025-05-07 22:49:59,2.2927,false
2025-05-07 23:00:00,2.3969,false
2025-05-07 23:09:59,2.1696,false
2025-05-07 23:19:59,2.3691,false
2025-05-07 23:30:00,2.3832,false
2025-05-07 23:40:00,2.3846,false
2025-05-07 23:49:59,2.4843,false
