2025-05-12 00:00:00,0.0000,false
2025-05-12 00:01:09,1.1500,false
2025-05-12 00:01:51,1.8500,false
2025-05-12 00:03:00,3.0000,false
2025-05-12 00:03:55,3.9167,false
2025-05-12 00:05:03,5.0500,false
2025-05-12 00:06:07,6.1167,false
2025-05-12 00:07:07,7.1167,false
2025-05-12 00:08:02,8.0333,false
2025-05-12 00:08:58,8.9667,false
2025-05-12 00:10:07,10.1167,false
2025-05-12 00:10:58,10.9667,false
2025-05-12 00:11:58,11.9667,false
2025-05-12 00:13:06,13.1000,false
2025-05-12 00:13:50,13.8333,false
2025-05-12 00:15:01,15.0167,false
2025-05-12 00:15:58,15.9667,false
2025-05-12 00:16:51,16.8500,false
2025-05-12 00:18:08,18.1333,false
2025-05-12 00:19:02,19.0333,false
2025-05-12 00:20:06,20.1000,false
2025-05-12 00:21:03,21.0500,false
2025-05-12 00:21:54,21.9000,false
2025-05-12 00:23:09,23.1500,false
2025-05-12 00:24:05,24.0833,false
2025-05-12 00:25:08,25.1333,false
2025-05-12 00:26:08,26.1333,false
2025-05-12 00:27:00,27.0000,false
2025-05-12 00:27:53,27.8833,false
2025-05-12 00:29:04,29.0667,false
2025-05-12 00:29:59,29.9833,false
2025-05-12 00:30:56,30.9333,false
2025-05-12 00:32:08,32.1333,false
2025-05-12 00:32:57,32.9500,false
2025-05-12 00:33:55,33.9167,false
2025-05-12 00:34:56,34.9333,false
2025-05-12 00:36:08,36.1333,false
2025-05-12 00:36:58,36.9667,false
2025-05-12 00:38:01,38.0167,false
2025-05-12 00:39:01,39.0167,false
2025-05-12 00:40:00,40.0000,false
2025-05-12 00:41:05,41.0833,false
2025-05-12 00:41:51,41.8500,false
2025-05-12 00:43:07,43.1167,false
2025-05-12 00:44:08,44.1333,false
2025-05-12 00:45:05,45.0833,false
2025-05-12 00:46:04,46.0667,false
2025-05-12 00:46:51,46.8500,false
2025-05-12 00:48:06,48.1000,false
2025-05-12 00:49:02,49.0333,false
2025-05-12 00:49:51,49.8500,false
2025-05-12 00:50:53,50.8833,true
2025-05-12 00:51:53,51.8833,true
2025-05-12 00:52:53,52.8833,true
2025-05-12 00:54:00,54.0000,true
2025-05-12 00:54:51,54.8500,true
2025-05-12 00:56:02,56.0333,true
2025-05-12 00:56:57,56.9500,true
2025-05-12 00:57:56,57.9333,true
2025-05-12 00:58:56,58.9333,true
2025-05-12 01:00:09,0.1500,false
2025-05-12 01:00:57,0.9500,false
2025-05-12 01:01:57,1.9500,false
2025-05-12 01:03:06,3.1000,false
2025-05-12 01:03:58,3.9667,false
2025-05-12 01:05:07,5.1167,false
2025-05-12 01:05:58,5.9667,false
2025-05-12 01:07:06,7.1000,false
2025-05-12 01:07:55,7.9167,false
2025-05-12 01:08:53,8.8833,false
2025-05-12 01:09:55,9.9167,false
2025-05-12 01:10:57,10.9500,false
2025-05-12 01:12:06,12.1000,false
2025-05-12 01:12:59,12.9833,false
2025-05-12 01:14:00,14.0000,false
2025-05-12 01:14:51,14.8500,false
2025-05-12 01:16:03,16.0500,false
2025-05-12 01:16:53,16.8833,false
2025-05-12 01:17:56,17.9333,false
2025-05-12 01:19:00,19.0000,false
2025-05-12 01:19:59,19.9833,false
2025-05-12 01:21:09,21.1500,false
2025-05-12 01:22:03,22.0500,false
2025-05-12 01:22:59,22.9833,false
2025-05-12 01:24:07,24.1167,false
2025-05-12 01:24:59,24.9833,false
2025-05-12 01:26:05,26.0833,false
2025-05-12 01:26:57,26.9500,false
2025-05-12 01:28:05,28.0833,false
2025-05-12 01:29:04,29.0667,false
2025-05-12 01:29:53,29.8833,false
2025-05-12 01:30:58,30.9667,false
2025-05-12 01:31:50,31.8333,false
2025-05-12 01:33:04,33.0667,false
2025-05-12 01:33:56,33.9333,false
2025-05-12 01:34:57,34.9500,false
2025-05-12 01:35:56,35.9333,false
2025-05-12 01:36:54,36.9000,false
2025-05-12 01:38:00,38.0000,false
2025-05-12 01:38:53,38.8833,false
2025-05-12 01:39:53,39.8833,false
2025-05-12 01:41:03,41.0500,false
2025-05-12 01:41:57,41.9500,false
2025-05-12 01:42:57,42.9500,false
2025-05-12 01:43:58,43.9667,false
2025-05-12 01:44:56,44.9333,false
2025-05-12 01:45:55,45.9167,false
2025-05-12 01:47:03,47.0500,false
2025-05-12 01:48:01,48.0167,false
2025-05-12 01:48:59,48.9833,false
2025-05-12 01:50:08,50.1333,true
2025-05-12 01:51:06,51.1000,true
2025-05-12 01:51:50,51.8333,true
2025-05-12 01:52:51,52.8500,true
2025-05-12 01:53:54,53.9000,true
2025-05-12 01:55:09,55.1500,true
2025-05-12 01:56:08,56.1333,true
2025-05-12 01:56:54,56.9000,true
2025-05-12 01:57:58,57.9667,true
2025-05-12 01:58:52,58.8667,true
2025-05-12 01:59:57,59.9500,true
2025-05-12 02:00:54,0.9000,false
2025-05-12 02:02:03,2.0500,false
2025-05-12 02:02:53,2.8833,false
2025-05-12 02:03:53,3.8833,false
2025-05-12 02:04:55,4.9167,false
2025-05-12 02:06:00,6.0000,false
2025-05-12 02:07:01,7.0167,false
2025-05-12 02:08:09,8.1500,false
2025-05-12 02:08:58,8.9667,false
2025-05-12 02:10:03,10.0500,false
2025-05-12 02:11:02,11.0333,false
2025-05-12 02:12:01,12.0167,false
2025-05-12 02:13:05,13.0833,false
2025-05-12 02:13:52,13.8667,false
2025-05-12 02:14:54,14.9000,false
2025-05-12 02:16:03,16.0500,false
2025-05-12 02:16:59,16.9833,false
2025-05-12 02:18:07,18.1167,false
2025-05-12 02:18:50,18.8333,false
2025-05-12 02:20:05,20.0833,false
2025-05-12 02:21:00,21.0000,false
2025-05-12 02:21:56,21.9333,false
2025-05-12 02:23:00,23.0000,false
2025-05-12 02:24:08,24.1333,false
2025-05-12 02:25:09,25.1500,false
2025-05-12 02:25:59,25.9833,false
2025-05-12 02:27:07,27.1167,false
2025-05-12 02:28:00,28.0000,false
2025-05-12 02:29:07,29.1167,false
2025-05-12 02:29:58,29.9667,false
2025-05-12 02:30:52,30.8667,false
2025-05-12 02:31:50,31.8333,false
2025-05-12 02:33:04,33.0667,false
2025-05-12 02:33:52,33.8667,false
2025-05-12 02:35:03,35.0500,false
2025-05-12 02:35:50,35.8333,false
2025-05-12 02:36:50,36.8333,false
2025-05-12 02:37:53,37.8833,false
2025-05-12 02:38:59,38.9833,false
2025-05-12 02:39:56,39.9333,false
2025-05-12 02:41:07,41.1167,false
2025-05-12 02:41:54,41.9000,false
2025-05-12 02:42:59,42.9833,false
2025-05-12 02:43:54,43.9000,false
2025-05-12 02:45:07,45.1167,false
2025-05-12 02:46:00,46.0000,false
2025-05-12 02:46:59,46.9833,false
2025-05-12 02:47:51,47.8500,false
2025-05-12 02:48:52,48.8667,false
2025-05-12 02:49:57,49.9500,false
2025-05-12 02:51:05,51.0833,true
2025-05-12 02:52:08,52.1333,true
2025-05-12 02:53:04,53.0667,true
2025-05-12 02:54:02,54.0333,true
2025-05-12 02:54:59,54.9833,true
2025-05-12 02:56:09,56.1500,true
2025-05-12 02:57:02,57.0333,true
2025-05-12 02:57:57,57.9500,true
2025-05-12 02:59:06,59.1000,true
2025-05-12 02:59:59,59.9833,true
2025-05-12 03:00:58,0.9667,false
2025-05-12 03:02:09,2.1500,false
2025-05-12 03:02:56,2.9333,false
2025-05-12 03:04:04,4.0667,false
2025-05-12 03:05:08,5.1333,false
2025-05-12 03:06:07,6.1167,false
2025-05-12 03:06:52,6.8667,false
2025-05-12 03:08:08,8.1333,false
2025-05-12 03:09:05,9.0833,false
2025-05-12 03:10:00,10.0000,false
2025-05-12 03:10:54,10.9000,false
2025-05-12 03:11:59,11.9833,false
2025-05-12 03:13:04,13.0667,false
2025-05-12 03:14:08,14.1333,false
2025-05-12 03:15:00,15.0000,false
2025-05-12 03:16:03,16.0500,false
2025-05-12 03:16:53,16.8833,false
2025-05-12 03:17:59,17.9833,false
2025-05-12 03:18:53,18.8833,false
2025-05-12 03:20:06,20.1000,false
2025-05-12 03:20:54,20.9000,false
2025-05-12 03:21:53,21.8833,false
2025-05-12 03:23:06,23.1000,false
2025-05-12 03:24:03,24.0500,false
2025-05-12 03:24:58,24.9667,false
2025-05-12 03:26:00,26.0000,false
2025-05-12 03:26:55,26.9167,false
2025-05-12 03:28:04,28.0667,false
2025-05-12 03:29:09,29.1500,false
2025-05-12 03:30:05,30.0833,false
2025-05-12 03:30:58,30.9667,false
2025-05-12 03:32:02,32.0333,false
2025-05-12 03:33:03,33.0500,false
2025-05-12 03:34:01,34.0167,false
2025-05-12 03:35:07,35.1167,false
2025-05-12 03:35:57,35.9500,false
2025-05-12 03:36:56,36.9333,false
2025-05-12 03:38:05,38.0833,false
2025-05-12 03:39:08,39.1333,false
2025-05-12 03:40:04,40.0667,false
2025-05-12 03:41:09,41.1500,false
2025-05-12 03:42:07,42.1167,false
2025-05-12 03:43:02,43.0333,false
2025-05-12 03:44:01,44.0167,false
2025-05-12 03:45:03,45.0500,false
2025-05-12 03:46:08,46.1333,false
2025-05-12 03:47:09,47.1500,false
2025-05-12 03:48:04,48.0667,false
2025-05-12 03:49:02,49.0333,false
2025-05-12 03:50:08,50.1333,true
2025-05-12 03:50:59,50.9833,true
2025-05-12 03:51:56,51.9333,true
2025-05-12 03:52:58,52.9667,true
2025-05-12 03:53:50,53.8333,true
2025-05-12 03:54:57,54.9500,true
2025-05-12 03:55:58,55.9667,true
2025-05-12 03:56:54,56.9000,true
2025-05-12 03:58:01,58.0167,true
2025-05-12 03:59:04,59.0667,true
2025-05-12 04:00:07,0.1167,false
2025-05-12 04:01:07,1.1167,false
2025-05-12 04:02:02,2.0333,false
2025-05-12 04:02:59,2.9833,false
2025-05-12 04:04:06,4.1000,false
2025-05-12 04:05:00,5.0000,false
2025-05-12 04:06:09,6.1500,false
2025-05-12 04:06:50,6.8333,false
2025-05-12 04:07:53,7.8833,false
2025-05-12 04:09:06,9.1000,false
2025-05-12 04:10:01,10.0167,false
2025-05-12 04:10:56,10.9333,false
2025-05-12 04:12:02,12.0333,false
2025-05-12 04:13:04,13.0667,false
2025-05-12 04:14:06,14.1000,false
2025-05-12 04:14:56,14.9333,false
2025-05-12 04:16:06,16.1000,false
2025-05-12 04:17:07,17.1167,false
2025-05-12 04:17:56,17.9333,false
2025-05-12 04:18:56,18.9333,false
2025-05-12 04:19:53,19.8833,false
2025-05-12 04:20:50,20.8333,false
2025-05-12 04:22:00,22.0000,false
2025-05-12 04:23:02,23.0333,false
2025-05-12 04:24:09,24.1500,false
2025-05-12 04:24:54,24.9000,false
2025-05-12 04:26:01,26.0167,false
2025-05-12 04:27:01,27.0167,false
2025-05-12 04:27:58,27.9667,false
2025-05-12 04:28:52,28.8667,false
2025-05-12 04:29:56,29.9333,false
2025-05-12 04:30:50,30.8333,false
2025-05-12 04:31:56,31.9333,false
2025-05-12 04:33:04,33.0667,false
2025-05-12 04:33:54,33.9000,false
2025-05-12 04:34:55,34.9167,false
2025-05-12 04:35:59,35.9833,false
2025-05-12 04:37:07,37.1167,false
2025-05-12 04:37:55,37.9167,false
2025-05-12 04:38:51,38.8500,false
2025-05-12 04:39:50,39.8333,false
2025-05-12 04:40:59,40.9833,false
2025-05-12 04:42:07,42.1167,false
2025-05-12 04:42:56,42.9333,false
2025-05-12 04:44:05,44.0833,false
2025-05-12 04:45:09,45.1500,false
2025-05-12 04:46:06,46.1000,false
2025-05-12 04:47:03,47.0500,false
2025-05-12 04:48:07,48.1167,false
2025-05-12 04:49:06,49.1000,false
2025-05-12 04:49:56,49.9333,false
2025-05-12 04:51:05,51.0833,true
2025-05-12 04:52:07,52.1167,true
2025-05-12 04:53:07,53.1167,true
2025-05-12 04:53:58,53.9667,true
2025-05-12 04:54:50,54.8333,true
2025-05-12 04:56:00,56.0000,true
2025-05-12 04:56:55,56.9167,true
2025-05-12 04:57:58,57.9667,true
2025-05-12 04:59:00,59.0000,true
2025-05-12 05:00:07,0.1167,false
2025-05-12 05:00:56,0.9333,false
2025-05-12 05:02:04,2.0667,false
2025-05-12 05:03:06,3.1000,false
2025-05-12 05:04:03,4.0500,false
2025-05-12 05:04:50,4.8333,false
2025-05-12 05:05:52,5.8667,false
2025-05-12 05:06:53,6.8833,false
2025-05-12 05:08:07,8.1167,false
2025-05-12 05:09:06,9.1000,false
2025-05-12 05:09:52,9.8667,false
2025-05-12 05:10:56,10.9333,false
2025-05-12 05:11:53,11.8833,false
2025-05-12 05:12:58,12.9667,false
2025-05-12 05:13:57,13.9500,false
2025-05-12 05:15:05,15.0833,false
2025-05-12 05:16:03,16.0500,false
2025-05-12 05:17:07,17.1167,false
2025-05-12 05:17:52,17.8667,false
2025-05-12 05:18:53,18.8833,false
2025-05-12 05:20:01,20.0167,false
2025-05-12 05:20:53,20.8833,false
2025-05-12 05:21:55,21.9167,false
2025-05-12 05:23:03,23.0500,false
2025-05-12 05:23:53,23.8833,false
2025-05-12 05:25:05,25.0833,false
2025-05-12 05:25:56,25.9333,false
2025-05-12 05:26:56,26.9333,false
2025-05-12 05:28:09,28.1500,false
2025-05-12 05:28:55,28.9167,false
2025-05-12 05:30:04,30.0667,false
2025-05-12 05:31:02,31.0333,false
2025-05-12 05:31:56,31.9333,false
2025-05-12 05:33:05,33.0833,false
2025-05-12 05:34:00,34.0000,false
2025-05-12 05:34:55,34.9167,false
2025-05-12 05:35:51,35.8500,false
2025-05-12 05:37:07,37.1167,false
2025-05-12 05:38:04,38.0667,false
2025-05-12 05:39:03,39.0500,false
2025-05-12 05:40:03,40.0500,false
2025-05-12 05:41:01,41.0167,false
2025-05-12 05:41:56,41.9333,false
2025-05-12 05:42:57,42.9500,false
2025-05-12 05:44:04,44.0667,false
2025-05-12 05:45:09,45.1500,false
2025-05-12 05:46:04,46.0667,false
2025-05-12 05:46:53,46.8833,false
2025-05-12 05:48:01,48.0167,false
2025-05-12 05:48:57,48.9500,false
2025-05-12 05:49:50,49.8333,false
2025-05-12 05:51:09,51.1500,true
2025-05-12 05:51:50,51.8333,true
2025-05-12 05:52:56,52.9333,true
2025-05-12 05:54:02,54.0333,true
2025-05-12 05:55:04,55.0667,true
2025-05-12 05:55:55,55.9167,true
2025-05-12 05:57:08,57.1333,true
2025-05-12 05:57:55,57.9167,true
2025-05-12 05:58:50,58.8333,true
2025-05-12 06:00:02,0.0333,false
2025-05-12 06:01:07,1.1167,false
2025-05-12 06:01:54,1.9000,false
2025-05-12 06:03:02,3.0333,false
2025-05-12 06:04:09,4.1500,false
2025-05-12 06:04:58,4.9667,false
2025-05-12 06:06:02,6.0333,false
2025-05-12 06:06:55,6.9167,false
2025-05-12 06:07:57,7.9500,false
2025-05-12 06:08:56,8.9333,false
2025-05-12 06:09:58,9.9667,false
2025-05-12 06:10:50,10.8333,false
2025-05-12 06:11:52,11.8667,false
2025-05-12 06:12:52,12.8667,false
2025-05-12 06:14:08,14.1333,false
2025-05-12 06:14:55,14.9167,false
2025-05-12 06:15:58,15.9667,false
2025-05-12 06:16:51,16.8500,false
2025-05-12 06:17:59,17.9833,false
2025-05-12 06:18:53,18.8833,false
2025-05-12 06:19:50,19.8333,false
2025-05-12 06:20:58,20.9667,false
2025-05-12 06:21:57,21.9500,false
2025-05-12 06:23:01,23.0167,false
2025-05-12 06:23:55,23.9167,false
2025-05-12 06:25:05,25.0833,false
2025-05-12 06:26:09,26.1500,false
2025-05-12 06:27:03,27.0500,false
2025-05-12 06:27:50,27.8333,false
2025-05-12 06:29:07,29.1167,false
2025-05-12 06:30:03,30.0500,false
2025-05-12 06:30:55,30.9167,false
2025-05-12 06:31:55,31.9167,false
2025-05-12 06:32:55,32.9167,false
2025-05-12 06:34:01,34.0167,false
2025-05-12 06:35:05,35.0833,false
2025-05-12 06:36:02,36.0333,false
2025-05-12 06:37:09,37.1500,false
2025-05-12 06:37:51,37.8500,false
2025-05-12 06:38:50,38.8333,false
2025-05-12 06:40:07,40.1167,false
2025-05-12 06:40:55,40.9167,false
2025-05-12 06:41:53,41.8833,false
2025-05-12 06:43:05,43.0833,false
2025-05-12 06:43:50,43.8333,false
2025-05-12 06:45:05,45.0833,false
2025-05-12 06:46:02,46.0333,false
2025-05-12 06:46:55,46.9167,false
2025-05-12 06:47:54,47.9000,false
2025-05-12 06:48:58,48.9667,false
2025-05-12 06:50:05,50.0833,true
2025-05-12 06:50:52,50.8667,true
2025-05-12 06:51:57,51.9500,true
2025-05-12 06:52:58,52.9667,true
2025-05-12 06:53:51,53.8500,true
2025-05-12 06:55:03,55.0500,true
2025-05-12 06:56:09,56.1500,true
2025-05-12 06:56:57,56.9500,true
2025-05-12 06:58:07,58.1167,true
2025-05-12 06:59:09,59.1500,true
2025-05-12 07:00:04,0.0667,false
2025-05-12 07:01:02,1.0333,false
2025-05-12 07:01:57,1.9500,false
2025-05-12 07:03:07,3.1167,false
2025-05-12 07:04:00,4.0000,false
2025-05-12 07:05:01,5.0167,false
2025-05-12 07:06:07,6.1167,false
2025-05-12 07:07:09,7.1500,false
2025-05-12 07:07:50,7.8333,false
2025-05-12 07:08:53,8.8833,false
2025-05-12 07:09:59,9.9833,false
2025-05-12 07:10:58,10.9667,false
2025-05-12 07:12:07,12.1167,false
2025-05-12 07:13:09,13.1500,false
2025-05-12 07:13:55,13.9167,false
2025-05-12 07:14:59,14.9833,false
2025-05-12 07:15:59,15.9833,false
2025-05-12 07:16:54,16.9000,false
2025-05-12 07:18:01,18.0167,false
2025-05-12 07:19:00,19.0000,false
2025-05-12 07:19:59,19.9833,false
2025-05-12 07:21:05,21.0833,false
2025-05-12 07:21:51,21.8500,false
2025-05-12 07:22:57,22.9500,false
2025-05-12 07:24:08,24.1333,false
2025-05-12 07:25:07,25.1167,false
2025-05-12 07:25:56,25.9333,false
2025-05-12 07:26:50,26.8333,false
2025-05-12 07:28:05,28.0833,false
2025-05-12 07:29:03,29.0500,false
2025-05-12 07:29:54,29.9000,false
2025-05-12 07:30:53,30.8833,false
2025-05-12 07:32:03,32.0500,false
2025-05-12 07:33:03,33.0500,false
2025-05-12 07:33:52,33.8667,false
2025-05-12 07:34:55,34.9167,false
2025-05-12 07:35:51,35.8500,false
2025-05-12 07:36:52,36.8667,false
2025-05-12 07:37:56,37.9333,false
2025-05-12 07:39:04,39.0667,false
2025-05-12 07:39:58,39.9667,false
2025-05-12 07:41:05,41.0833,false
2025-05-12 07:41:57,41.9500,false
2025-05-12 07:42:50,42.8333,false
2025-05-12 07:43:57,43.9500,false
2025-05-12 07:44:50,44.8333,false
2025-05-12 07:45:50,45.8333,false
2025-05-12 07:46:57,46.9500,false
2025-05-12 07:48:08,48.1333,false
2025-05-12 07:48:56,48.9333,false
2025-05-12 07:50:02,50.0333,true
2025-05-12 07:51:01,51.0167,true
2025-05-12 07:51:56,51.9333,true
2025-05-12 07:52:51,52.8500,true
2025-05-12 07:53:53,53.8833,true
2025-05-12 07:54:58,54.9667,true
2025-05-12 07:56:01,56.0167,true
2025-05-12 07:57:09,57.1500,true
2025-05-12 07:58:09,58.1500,true
2025-05-12 07:59:03,59.0500,true
2025-05-12 07:59:59,59.9833,true
2025-05-12 08:01:04,1.0667,false
2025-05-12 08:01:59,1.9833,false
2025-05-12 08:03:08,3.1333,false
2025-05-12 08:04:04,4.0667,false
2025-05-12 08:05:08,5.1333,false
2025-05-12 08:05:51,5.8500,false
2025-05-12 08:07:04,7.0667,false
2025-05-12 08:07:53,7.8833,false
2025-05-12 08:08:55,8.9167,false
2025-05-12 08:10:08,10.1333,false
2025-05-12 08:10:55,10.9167,false
2025-05-12 08:11:56,11.9333,false
2025-05-12 08:13:02,13.0333,false
2025-05-12 08:14:03,14.0500,false
2025-05-12 08:14:52,14.8667,false
2025-05-12 08:16:02,16.0333,false
2025-05-12 08:17:00,17.0000,false
2025-05-12 08:17:55,17.9167,false
2025-05-12 08:19:02,19.0333,false
2025-05-12 08:19:53,19.8833,false
2025-05-12 08:21:02,21.0333,false
2025-05-12 08:21:54,21.9000,false
2025-05-12 08:22:59,22.9833,false
2025-05-12 08:23:58,23.9667,false
2025-05-12 08:24:55,24.9167,false
2025-05-12 08:26:02,26.0333,false
2025-05-12 08:27:04,27.0667,false
2025-05-12 08:27:54,27.9000,false
2025-05-12 08:28:51,28.8500,false
2025-05-12 08:29:58,29.9667,false
2025-05-12 08:31:08,31.1333,false
2025-05-12 08:31:55,31.9167,false
2025-05-12 08:33:05,33.0833,false
2025-05-12 08:34:09,34.1500,false
2025-05-12 08:35:01,35.0167,false
2025-05-12 08:35:55,35.9167,false
2025-05-12 08:37:06,37.1000,false
2025-05-12 08:37:58,37.9667,false
2025-05-12 08:38:58,38.9667,false
2025-05-12 08:40:06,40.1000,false
2025-05-12 08:40:51,40.8500,false
2025-05-12 08:41:50,41.8333,false
2025-05-12 08:42:53,42.8833,false
2025-05-12 08:43:55,43.9167,false
2025-05-12 08:45:06,45.1000,false
2025-05-12 08:45:55,45.9167,false
2025-05-12 08:46:55,46.9167,false
2025-05-12 08:47:53,47.8833,false
2025-05-12 08:48:51,48.8500,false
2025-05-12 08:49:56,49.9333,false
2025-05-12 08:51:09,51.1500,true
2025-05-12 08:51:59,51.9833,true
2025-05-12 08:53:08,53.1333,true
2025-05-12 08:54:00,54.0000,true
2025-05-12 08:54:58,54.9667,true
2025-05-12 08:55:52,55.8667,true
2025-05-12 08:56:55,56.9167,true
2025-05-12 08:57:52,57.8667,true
2025-05-12 08:58:52,58.8667,true
2025-05-12 09:00:00,0.0000,false
2025-05-12 09:01:07,1.1167,false
2025-05-12 09:02:03,2.0500,false
2025-05-12 09:02:58,2.9667,false
2025-05-12 09:03:57,3.9500,false
2025-05-12 09:05:04,5.0667,false
2025-05-12 09:05:57,5.9500,false
2025-05-12 09:07:02,7.0333,false
2025-05-12 09:08:07,8.1167,false
2025-05-12 09:08:52,8.8667,false
2025-05-12 09:09:56,9.9333,false
2025-05-12 09:11:03,11.0500,false
2025-05-12 09:11:59,11.9833,false
2025-05-12 09:13:06,13.1000,false
2025-05-12 09:14:02,14.0333,false
2025-05-12 09:15:07,15.1167,false
2025-05-12 09:16:02,16.0333,false
2025-05-12 09:17:01,17.0167,false
2025-05-12 09:17:52,17.8667,false
2025-05-12 09:18:55,18.9167,false
2025-05-12 09:20:00,20.0000,false
2025-05-12 09:20:56,20.9333,false
2025-05-12 09:22:07,22.1167,false
2025-05-12 09:22:53,22.8833,false
2025-05-12 09:23:53,23.8833,false
2025-05-12 09:25:05,25.0833,false
2025-05-12 09:26:04,26.0667,false
2025-05-12 09:26:53,26.8833,false
2025-05-12 09:28:03,28.0500,false
2025-05-12 09:29:04,29.0667,false
2025-05-12 09:30:09,30.1500,false
2025-05-12 09:30:51,30.8500,false
2025-05-12 09:31:59,31.9833,false
2025-05-12 09:32:51,32.8500,false
2025-05-12 09:33:52,33.8667,false
2025-05-12 09:34:59,34.9833,false
2025-05-12 09:35:51,35.8500,false
2025-05-12 09:36:51,36.8500,false
2025-05-12 09:37:54,37.9000,false
2025-05-12 09:39:00,39.0000,false
2025-05-12 09:39:51,39.8500,false
2025-05-12 09:41:02,41.0333,false
2025-05-12 09:41:53,41.8833,false
2025-05-12 09:43:03,43.0500,false
2025-05-12 09:44:01,44.0167,false
2025-05-12 09:44:55,44.9167,false
2025-05-12 09:45:53,45.8833,false
2025-05-12 09:46:53,46.8833,false
2025-05-12 09:47:57,47.9500,false
2025-05-12 09:48:52,48.8667,false
2025-05-12 09:50:03,50.0500,true
2025-05-12 09:50:52,50.8667,true
2025-05-12 09:51:54,51.9000,true
2025-05-12 09:53:08,53.1333,true
2025-05-12 09:53:52,53.8667,true
2025-05-12 09:55:01,55.0167,true
2025-05-12 09:55:59,55.9833,true
2025-05-12 09:56:55,56.9167,true
2025-05-12 09:58:04,58.0667,true
2025-05-12 09:58:51,58.8500,true
2025-05-12 09:59:51,59.8500,true
2025-05-12 10:00:56,0.9333,false
2025-05-12 10:02:06,2.1000,false
2025-05-12 10:02:56,2.9333,false
2025-05-12 10:04:01,4.0167,false
2025-05-12 10:04:52,4.8667,false
2025-05-12 10:06:05,6.0833,false
2025-05-12 10:06:53,6.8833,false
2025-05-12 10:07:55,7.9167,false
2025-05-12 10:08:56,8.9333,false
2025-05-12 10:09:57,9.9500,false
2025-05-12 10:11:09,11.1500,false
2025-05-12 10:11:56,11.9333,false
2025-05-12 10:13:04,13.0667,false
2025-05-12 10:13:58,13.9667,false
2025-05-12 10:15:08,15.1333,false
2025-05-12 10:16:09,16.1500,false
2025-05-12 10:17:04,17.0667,false
2025-05-12 10:18:01,18.0167,false
2025-05-12 10:18:53,18.8833,false
2025-05-12 10:20:09,20.1500,false
2025-05-12 10:21:02,21.0333,false
2025-05-12 10:21:51,21.8500,false
2025-05-12 10:23:02,23.0333,false
2025-05-12 10:23:50,23.8333,false
2025-05-12 10:25:09,25.1500,false
2025-05-12 10:25:52,25.8667,false
2025-05-12 10:26:58,26.9667,false
2025-05-12 10:28:00,28.0000,false
2025-05-12 10:28:59,28.9833,false
2025-05-12 10:29:51,29.8500,false
2025-05-12 10:30:53,30.8833,false
2025-05-12 10:31:51,31.8500,false
2025-05-12 10:33:01,33.0167,false
2025-05-12 10:34:01,34.0167,false
2025-05-12 10:34:58,34.9667,false
2025-05-12 10:35:56,35.9333,false
2025-05-12 10:36:58,36.9667,false
2025-05-12 10:38:05,38.0833,false
2025-05-12 10:39:01,39.0167,false
2025-05-12 10:40:03,40.0500,false
2025-05-12 10:41:06,41.1000,false
2025-05-12 10:42:06,42.1000,false
2025-05-12 10:42:59,42.9833,false
2025-05-12 10:43:59,43.9833,false
2025-05-12 10:45:03,45.0500,false
2025-05-12 10:46:04,46.0667,false
2025-05-12 10:46:59,46.9833,false
2025-05-12 10:47:54,47.9000,false
2025-05-12 10:49:00,49.0000,false
2025-05-12 10:50:08,50.1333,true
2025-05-12 10:50:57,50.9500,true
2025-05-12 10:52:08,52.1333,true
2025-05-12 10:53:05,53.0833,true
2025-05-12 10:54:02,54.0333,true
2025-05-12 10:54:53,54.8833,true
2025-05-12 10:55:53,55.8833,true
2025-05-12 10:56:56,56.9333,true
2025-05-12 10:58:09,58.1500,true
2025-05-12 10:58:56,58.9333,true
2025-05-12 11:00:07,0.1167,false
2025-05-12 11:01:03,1.0500,false
2025-05-12 11:01:52,1.8667,false
2025-05-12 11:02:56,2.9333,false
2025-05-12 11:04:02,4.0333,false
2025-05-12 11:05:05,5.0833,false
2025-05-12 11:06:05,6.0833,false
2025-05-12 11:07:01,7.0167,false
2025-05-12 11:07:53,7.8833,false
2025-05-12 11:09:09,9.1500,false
2025-05-12 11:10:06,10.1000,false
2025-05-12 11:10:59,10.9833,false
2025-05-12 11:12:08,12.1333,false
2025-05-12 11:12:59,12.9833,false
2025-05-12 11:13:55,13.9167,false
2025-05-12 11:14:58,14.9667,false
2025-05-12 11:15:52,15.8667,false
2025-05-12 11:16:58,16.9667,false
2025-05-12 11:17:53,17.8833,false
2025-05-12 11:19:02,19.0333,false
2025-05-12 11:20:05,20.0833,false
2025-05-12 11:21:04,21.0667,false
2025-05-12 11:22:02,22.0333,false
2025-05-12 11:23:01,23.0167,false
2025-05-12 11:23:59,23.9833,false
2025-05-12 11:25:07,25.1167,false
2025-05-12 11:25:52,25.8667,false
2025-05-12 11:27:04,27.0667,false
2025-05-12 11:28:06,28.1000,false
2025-05-12 11:29:03,29.0500,false
2025-05-12 11:30:07,30.1167,false
2025-05-12 11:31:08,31.1333,false
2025-05-12 11:31:58,31.9667,false
2025-05-12 11:32:59,32.9833,false
2025-05-12 11:33:52,33.8667,false
2025-05-12 11:34:53,34.8833,false
2025-05-12 11:36:02,36.0333,false
2025-05-12 11:37:07,37.1167,false
2025-05-12 11:38:09,38.1500,false
2025-05-12 11:38:51,38.8500,false
2025-05-12 11:40:06,40.1000,false
2025-05-12 11:40:57,40.9500,false
2025-05-12 11:42:03,42.0500,false
2025-05-12 11:43:09,43.1500,false
2025-05-12 11:44:06,44.1000,false
2025-05-12 11:45:01,45.0167,false
2025-05-12 11:45:56,45.9333,false
2025-05-12 11:46:59,46.9833,false
2025-05-12 11:47:52,47.8667,false
2025-05-12 11:49:09,49.1500,false
2025-05-12 11:50:05,50.0833,true
2025-05-12 11:50:50,50.8333,true
2025-05-12 11:52:09,52.1500,true
2025-05-12 11:53:04,53.0667,true
2025-05-12 11:53:59,53.9833,true
2025-05-12 11:55:02,55.0333,true
2025-05-12 11:56:06,56.1000,true
2025-05-12 11:57:07,57.1167,true
2025-05-12 11:58:07,58.1167,true
2025-05-12 11:59:00,59.0000,true
2025-05-12 11:59:52,59.8667,true
2025-05-12 12:01:09,1.1500,false
2025-05-12 12:02:03,2.0500,false
2025-05-12 12:02:53,2.8833,false
2025-05-12 12:03:58,3.9667,false
2025-05-12 12:04:54,4.9000,false
2025-05-12 12:06:09,6.1500,false
2025-05-12 12:07:03,7.0500,false
2025-05-12 12:08:02,8.0333,false
2025-05-12 12:09:04,9.0667,false
2025-05-12 12:09:55,9.9167,false
2025-05-12 12:11:03,11.0500,false
2025-05-12 12:11:53,11.8833,false
2025-05-12 12:13:08,13.1333,false
2025-05-12 12:13:59,13.9833,false
2025-05-12 12:15:00,15.0000,false
2025-05-12 12:15:59,15.9833,false
2025-05-12 12:16:54,16.9000,false
2025-05-12 12:18:06,18.1000,false
2025-05-12 12:19:02,19.0333,false
2025-05-12 12:19:52,19.8667,false
2025-05-12 12:20:54,20.9000,false
2025-05-12 12:22:01,22.0167,false
2025-05-12 12:22:55,22.9167,false
2025-05-12 12:23:50,23.8333,false
2025-05-12 12:24:56,24.9333,false
2025-05-12 12:25:55,25.9167,false
2025-05-12 12:26:52,26.8667,false
2025-05-12 12:28:08,28.1333,false
2025-05-12 12:28:50,28.8333,false
2025-05-12 12:30:03,30.0500,false
2025-05-12 12:31:07,31.1167,false
2025-05-12 12:32:03,32.0500,false
2025-05-12 12:32:51,32.8500,false
2025-05-12 12:34:01,34.0167,false
2025-05-12 12:35:09,35.1500,false
2025-05-12 12:36:09,36.1500,false
2025-05-12 12:36:52,36.8667,false
2025-05-12 12:37:50,37.8333,false
2025-05-12 12:38:54,38.9000,false
2025-05-12 12:39:59,39.9833,false
2025-05-12 12:40:59,40.9833,false
2025-05-12 12:41:52,41.8667,false
2025-05-12 12:42:52,42.8667,false
2025-05-12 12:43:58,43.9667,false
2025-05-12 12:45:03,45.0500,false
2025-05-12 12:45:52,45.8667,false
2025-05-12 12:46:52,46.8667,false
2025-05-12 12:47:52,47.8667,false
2025-05-12 12:48:50,48.8333,false
2025-05-12 12:50:09,50.1500,true
2025-05-12 12:50:59,50.9833,true
2025-05-12 12:52:02,52.0333,true
2025-05-12 12:53:06,53.1000,true
2025-05-12 12:53:51,53.8500,true
2025-05-12 12:54:59,54.9833,true
2025-05-12 12:56:01,56.0167,true
2025-05-12 12:57:09,57.1500,true
2025-05-12 12:57:54,57.9000,true
2025-05-12 12:59:04,59.0667,true
2025-05-12 12:59:58,59.9667,true
2025-05-12 13:01:06,1.1000,false
2025-05-12 13:02:04,2.0667,false
2025-05-12 13:02:57,2.9500,false
2025-05-12 13:04:00,4.0000,false
2025-05-12 13:05:05,5.0833,false
2025-05-12 13:06:01,6.0167,false
2025-05-12 13:07:01,7.0167,false
2025-05-12 13:07:50,7.8333,false
2025-05-12 13:08:54,8.9000,false
2025-05-12 13:09:53,9.8833,false
2025-05-12 13:10:52,10.8667,false
2025-05-12 13:12:00,12.0000,false
2025-05-12 13:13:04,13.0667,false
2025-05-12 13:13:54,13.9000,false
2025-05-12 13:15:08,15.1333,false
2025-05-12 13:16:08,16.1333,false
2025-05-12 13:17:05,17.0833,false
2025-05-12 13:17:54,17.9000,false
2025-05-12 13:19:05,19.0833,false
2025-05-12 13:20:09,20.1500,false
2025-05-12 13:20:52,20.8667,false
2025-05-12 13:22:04,22.0667,false
2025-05-12 13:22:50,22.8333,false
2025-05-12 13:23:55,23.9167,false
2025-05-12 13:24:52,24.8667,false
2025-05-12 13:25:51,25.8500,false
2025-05-12 13:26:56,26.9333,false
2025-05-12 13:28:02,28.0333,false
2025-05-12 13:28:59,28.9833,false
2025-05-12 13:29:55,29.9167,false
2025-05-12 13:31:08,31.1333,false
2025-05-12 13:32:04,32.0667,false
2025-05-12 13:32:54,32.9000,false
2025-05-12 13:33:52,33.8667,false
2025-05-12 13:35:00,35.0000,false
2025-05-12 13:36:00,36.0000,false
2025-05-12 13:36:52,36.8667,false
2025-05-12 13:37:52,37.8667,false
2025-05-12 13:38:53,38.8833,false
2025-05-12 13:39:59,39.9833,false
2025-05-12 13:40:58,40.9667,false
2025-05-12 13:42:09,42.1500,false
2025-05-12 13:43:04,43.0667,false
2025-05-12 13:44:09,44.1500,false
2025-05-12 13:44:55,44.9167,false
2025-05-12 13:46:05,46.0833,false
2025-05-12 13:47:00,47.0000,false
2025-05-12 13:48:09,48.1500,false
2025-05-12 13:49:03,49.0500,false
2025-05-12 13:49:57,49.9500,false
2025-05-12 13:51:07,51.1167,true
2025-05-12 13:51:52,51.8667,true
2025-05-12 13:52:59,52.9833,true
2025-05-12 13:53:58,53.9667,true
2025-05-12 13:55:01,55.0167,true
2025-05-12 13:56:08,56.1333,true
2025-05-12 13:56:51,56.8500,true
2025-05-12 13:57:57,57.9500,true
2025-05-12 13:58:53,58.8833,true
2025-05-12 14:00:02,0.0333,false
2025-05-12 14:01:06,1.1000,false
2025-05-12 14:01:55,1.9167,false
2025-05-12 14:02:58,2.9667,false
2025-05-12 14:03:56,3.9333,false
2025-05-12 14:04:53,4.8833,false
2025-05-12 14:06:06,6.1000,false
2025-05-12 14:06:53,6.8833,false
2025-05-12 14:08:00,8.0000,false
2025-05-12 14:09:04,9.0667,false
2025-05-12 14:10:00,10.0000,false
2025-05-12 14:10:54,10.9000,false
2025-05-12 14:11:51,11.8500,false
2025-05-12 14:12:51,12.8500,false
2025-05-12 14:14:02,14.0333,false
2025-05-12 14:14:57,14.9500,false
2025-05-12 14:16:03,16.0500,false
2025-05-12 14:16:56,16.9333,false
2025-05-12 14:18:04,18.0667,false
2025-05-12 14:19:06,19.1000,false
2025-05-12 14:19:50,19.8333,false
2025-05-12 14:20:57,20.9500,false
2025-05-12 14:22:02,22.0333,false
2025-05-12 14:22:59,22.9833,false
2025-05-12 14:24:09,24.1500,false
2025-05-12 14:25:04,25.0667,false
2025-05-12 14:25:55,25.9167,false
2025-05-12 14:26:59,26.9833,false
2025-05-12 14:28:05,28.0833,false
2025-05-12 14:28:52,28.8667,false
2025-05-12 14:29:50,29.8333,false
2025-05-12 14:31:07,31.1167,false
2025-05-12 14:31:59,31.9833,false
2025-05-12 14:33:02,33.0333,false
2025-05-12 14:33:51,33.8500,false
2025-05-12 14:34:58,34.9667,false
2025-05-12 14:35:59,35.9833,false
2025-05-12 14:37:08,37.1333,false
2025-05-12 14:37:56,37.9333,false
2025-05-12 14:38:52,38.8667,false
2025-05-12 14:40:08,40.1333,false
2025-05-12 14:41:02,41.0333,false
2025-05-12 14:42:01,42.0167,false
2025-05-12 14:43:09,43.1500,false
2025-05-12 14:43:50,43.8333,false
2025-05-12 14:45:05,45.0833,false
2025-05-12 14:46:05,46.0833,false
2025-05-12 14:47:01,47.0167,false
2025-05-12 14:48:01,48.0167,false
2025-05-12 14:49:07,49.1167,false
2025-05-12 14:49:51,49.8500,false
2025-05-12 14:50:56,50.9333,true
2025-05-12 14:51:52,51.8667,true
2025-05-12 14:53:09,53.1500,true
2025-05-12 14:53:58,53.9667,true
2025-05-12 14:55:08,55.1333,true
2025-05-12 14:55:58,55.9667,true
2025-05-12 14:56:57,56.9500,true
2025-05-12 14:58:07,58.1167,true
2025-05-12 14:58:52,58.8667,true
2025-05-12 14:59:59,59.9833,true
2025-05-12 15:01:09,1.1500,false
2025-05-12 15:02:03,2.0500,false
2025-05-12 15:03:01,3.0167,false
2025-05-12 15:04:02,4.0333,false
2025-05-12 15:05:00,5.0000,false
2025-05-12 15:05:54,5.9000,false
2025-05-12 15:07:02,7.0333,false
2025-05-12 15:08:05,8.0833,false
2025-05-12 15:08:54,8.9000,false
2025-05-12 15:09:55,9.9167,false
2025-05-12 15:10:58,10.9667,false
2025-05-12 15:12:04,12.0667,false
2025-05-12 15:13:09,13.1500,false
2025-05-12 15:14:09,14.1500,false
2025-05-12 15:15:03,15.0500,false
2025-05-12 15:15:55,15.9167,false
2025-05-12 15:17:01,17.0167,false
2025-05-12 15:18:09,18.1500,false
2025-05-12 15:19:08,19.1333,false
2025-05-12 15:19:50,19.8333,false
2025-05-12 15:21:01,21.0167,false
2025-05-12 15:21:56,21.9333,false
2025-05-12 15:23:02,23.0333,false
2025-05-12 15:23:55,23.9167,false
2025-05-12 15:24:50,24.8333,false
2025-05-12 15:25:52,25.8667,false
2025-05-12 15:26:58,26.9667,false
2025-05-12 15:27:56,27.9333,false
2025-05-12 15:29:02,29.0333,false
2025-05-12 15:29:53,29.8833,false
2025-05-12 15:30:52,30.8667,false
2025-05-12 15:31:51,31.8500,false
2025-05-12 15:32:58,32.9667,false
2025-05-12 15:33:50,33.8333,false
2025-05-12 15:34:52,34.8667,false
2025-05-12 15:36:01,36.0167,false
2025-05-12 15:37:00,37.0000,false
2025-05-12 15:38:01,38.0167,false
2025-05-12 15:38:55,38.9167,false
2025-05-12 15:40:00,40.0000,false
2025-05-12 15:41:03,41.0500,false
2025-05-12 15:41:54,41.9000,false
2025-05-12 15:43:07,43.1167,false
2025-05-12 15:44:00,44.0000,false
2025-05-12 15:45:02,45.0333,false
2025-05-12 15:45:52,45.8667,false
2025-05-12 15:46:52,46.8667,false
2025-05-12 15:48:09,48.1500,false
2025-05-12 15:48:58,48.9667,false
2025-05-12 15:50:09,50.1500,true
2025-05-12 15:50:51,50.8500,true
2025-05-12 15:52:01,52.0167,true
2025-05-12 15:53:02,53.0333,true
2025-05-12 15:53:51,53.8500,true
2025-05-12 15:54:53,54.8833,true
2025-05-12 15:56:09,56.1500,true
2025-05-12 15:57:00,57.0000,true
2025-05-12 15:58:06,58.1000,true
2025-05-12 15:58:56,58.9333,true
2025-05-12 15:59:51,59.8500,true
2025-05-12 16:00:58,0.9667,false
2025-05-12 16:02:00,2.0000,false
2025-05-12 16:02:55,2.9167,false
2025-05-12 16:04:09,4.1500,false
2025-05-12 16:05:06,5.1000,false
2025-05-12 16:06:00,6.0000,false
2025-05-12 16:07:05,7.0833,false
2025-05-12 16:07:54,7.9000,false
2025-05-12 16:08:50,8.8333,false
2025-05-12 16:09:59,9.9833,false
2025-05-12 16:10:52,10.8667,false
2025-05-12 16:11:59,11.9833,false
2025-05-12 16:12:59,12.9833,false
2025-05-12 16:14:02,14.0333,false
2025-05-12 16:14:54,14.9000,false
2025-05-12 16:15:55,15.9167,false
2025-05-12 16:16:54,16.9000,false
2025-05-12 16:18:01,18.0167,false
2025-05-12 16:18:58,18.9667,false
2025-05-12 16:20:04,20.0667,false
2025-05-12 16:20:53,20.8833,false
2025-05-12 16:21:55,21.9167,false
2025-05-12 16:22:54,22.9000,false
2025-05-12 16:23:54,23.9000,false
2025-05-12 16:24:59,24.9833,false
2025-05-12 16:26:08,26.1333,false
2025-05-12 16:27:03,27.0500,false
2025-05-12 16:27:53,27.8833,false
2025-05-12 16:28:53,28.8833,false
2025-05-12 16:29:58,29.9667,false
2025-05-12 16:30:52,30.8667,false
2025-05-12 16:31:56,31.9333,false
2025-05-12 16:32:55,32.9167,false
2025-05-12 16:34:06,34.1000,false
2025-05-12 16:35:03,35.0500,false
2025-05-12 16:35:54,35.9000,false
2025-05-12 16:36:52,36.8667,false
2025-05-12 16:37:59,37.9833,false
2025-05-12 16:38:58,38.9667,false
2025-05-12 16:39:52,39.8667,false
2025-05-12 16:40:54,40.9000,false
2025-05-12 16:42:03,42.0500,false
2025-05-12 16:43:07,43.1167,false
2025-05-12 16:44:02,44.0333,false
2025-05-12 16:44:57,44.9500,false
2025-05-12 16:46:09,46.1500,false
2025-05-12 16:46:56,46.9333,false
2025-05-12 16:48:09,48.1500,false
2025-05-12 16:49:05,49.0833,false
2025-05-12 16:49:50,49.8333,false
2025-05-12 16:51:09,51.1500,true
2025-05-12 16:52:00,52.0000,true
2025-05-12 16:53:05,53.0833,true
2025-05-12 16:53:59,53.9833,true
2025-05-12 16:55:06,55.1000,true
2025-05-12 16:56:06,56.1000,true
2025-05-12 16:57:05,57.0833,true
2025-05-12 16:57:59,57.9833,true
2025-05-12 16:59:06,59.1000,true
2025-05-12 17:00:00,0.0000,false
2025-05-12 17:00:53,0.8833,false
2025-05-12 17:02:04,2.0667,false
2025-05-12 17:03:03,3.0500,false
2025-05-12 17:03:58,3.9667,false
2025-05-12 17:05:03,5.0500,false
2025-05-12 17:05:50,5.8333,false
2025-05-12 17:06:55,6.9167,false
2025-05-12 17:08:04,8.0667,false
2025-05-12 17:08:57,8.9500,false
2025-05-12 17:09:50,9.8333,false
2025-05-12 17:11:04,11.0667,false
2025-05-12 17:12:06,12.1000,false
2025-05-12 17:13:00,13.0000,false
2025-05-12 17:13:58,13.9667,false
2025-05-12 17:14:56,14.9333,false
2025-05-12 17:15:55,15.9167,false
2025-05-12 17:16:51,16.8500,false
2025-05-12 17:17:51,17.8500,false
2025-05-12 17:18:52,18.8667,false
2025-05-12 17:19:52,19.8667,false
2025-05-12 17:20:58,20.9667,false
2025-05-12 17:21:59,21.9833,false
2025-05-12 17:23:02,23.0333,false
2025-05-12 17:24:07,24.1167,false
2025-05-12 17:24:53,24.8833,false
2025-05-12 17:25:57,25.9500,false
2025-05-12 17:27:04,27.0667,false
2025-05-12 17:27:54,27.9000,false
2025-05-12 17:29:02,29.0333,false
2025-05-12 17:29:56,29.9333,false
2025-05-12 17:30:53,30.8833,false
2025-05-12 17:32:01,32.0167,false
2025-05-12 17:33:05,33.0833,false
2025-05-12 17:33:51,33.8500,false
2025-05-12 17:34:59,34.9833,false
2025-05-12 17:35:54,35.9000,false
2025-05-12 17:37:08,37.1333,false
2025-05-12 17:38:08,38.1333,false
2025-05-12 17:38:54,38.9000,false
2025-05-12 17:39:55,39.9167,false
2025-05-12 17:40:52,40.8667,false
2025-05-12 17:42:03,42.0500,false
2025-05-12 17:42:54,42.9000,false
2025-05-12 17:43:54,43.9000,false
2025-05-12 17:44:50,44.8333,false
2025-05-12 17:46:01,46.0167,false
2025-05-12 17:47:06,47.1000,false
2025-05-12 17:48:03,48.0500,false
2025-05-12 17:48:59,48.9833,false
2025-05-12 17:50:06,50.1000,true
2025-05-12 17:51:01,51.0167,true
2025-05-12 17:52:08,52.1333,true
2025-05-12 17:52:53,52.8833,true
2025-05-12 17:53:59,53.9833,true
2025-05-12 17:55:03,55.0500,true
2025-05-12 17:55:57,55.9500,true
2025-05-12 17:57:08,57.1333,true
2025-05-12 17:58:03,58.0500,true
2025-05-12 17:58:57,58.9500,true
2025-05-12 18:00:01,0.0167,false
2025-05-12 18:01:09,1.1500,false
2025-05-12 18:02:07,2.1167,false
2025-05-12 18:02:50,2.8333,false
2025-05-12 18:04:08,4.1333,false
2025-05-12 18:05:03,5.0500,false
2025-05-12 18:05:51,5.8500,false
2025-05-12 18:07:05,7.0833,false
2025-05-12 18:07:55,7.9167,false
2025-05-12 18:09:09,9.1500,false
2025-05-12 18:09:54,9.9000,false
2025-05-12 18:10:50,10.8333,false
2025-05-12 18:11:51,11.8500,false
2025-05-12 18:13:03,13.0500,false
2025-05-12 18:13:53,13.8833,false
2025-05-12 18:14:56,14.9333,false
2025-05-12 18:15:53,15.8833,false
2025-05-12 18:16:51,16.8500,false
2025-05-12 18:18:03,18.0500,false
2025-05-12 18:18:52,18.8667,false
2025-05-12 18:19:53,19.8833,false
2025-05-12 18:21:06,21.1000,false
2025-05-12 18:22:09,22.1500,false
2025-05-12 18:22:53,22.8833,false
2025-05-12 18:23:57,23.9500,false
2025-05-12 18:25:00,25.0000,false
2025-05-12 18:25:51,25.8500,false
2025-05-12 18:27:02,27.0333,false
2025-05-12 18:27:53,27.8833,false
2025-05-12 18:28:56,28.9333,false
2025-05-12 18:30:00,30.0000,false
2025-05-12 18:31:06,31.1000,false
2025-05-12 18:31:59,31.9833,false
2025-05-12 18:32:54,32.9000,false
2025-05-12 18:34:00,34.0000,false
2025-05-12 18:34:59,34.9833,false
2025-05-12 18:36:02,36.0333,false
2025-05-12 18:37:04,37.0667,false
2025-05-12 18:37:55,37.9167,false
2025-05-12 18:38:54,38.9000,false
2025-05-12 18:40:08,40.1333,false
2025-05-12 18:41:02,41.0333,false
2025-05-12 18:41:55,41.9167,false
2025-05-12 18:43:09,43.1500,false
2025-05-12 18:43:51,43.8500,false
2025-05-12 18:44:59,44.9833,false
2025-05-12 18:46:03,46.0500,false
2025-05-12 18:47:02,47.0333,false
2025-05-12 18:48:02,48.0333,false
2025-05-12 18:49:03,49.0500,false
2025-05-12 18:49:59,49.9833,false
2025-05-12 18:50:50,50.8333,true
2025-05-12 18:52:02,52.0333,true
2025-05-12 18:52:56,52.9333,true
2025-05-12 18:54:05,54.0833,true
2025-05-12 18:55:06,55.1000,true
2025-05-12 18:56:01,56.0167,true
2025-05-12 18:56:56,56.9333,true
2025-05-12 18:58:03,58.0500,true
2025-05-12 18:59:04,59.0667,true
2025-05-12 19:00:00,0.0000,false
2025-05-12 19:00:55,0.9167,false
2025-05-12 19:02:00,2.0000,false
2025-05-12 19:02:56,2.9333,false
2025-05-12 19:03:55,3.9167,false
2025-05-12 19:05:01,5.0167,false
2025-05-12 19:06:08,6.1333,false
2025-05-12 19:07:05,7.0833,false
2025-05-12 19:07:55,7.9167,false
2025-05-12 19:08:52,8.8667,false
2025-05-12 19:09:59,9.9833,false
2025-05-12 19:11:07,11.1167,false
2025-05-12 19:11:50,11.8333,false
2025-05-12 19:12:58,12.9667,false
2025-05-12 19:13:57,13.9500,false
2025-05-12 19:14:59,14.9833,false
2025-05-12 19:15:52,15.8667,false
2025-05-12 19:16:56,16.9333,false
2025-05-12 19:18:01,18.0167,false
2025-05-12 19:18:58,18.9667,false
2025-05-12 19:19:58,19.9667,false
2025-05-12 19:20:57,20.9500,false
2025-05-12 19:22:08,22.1333,false
2025-05-12 19:23:07,23.1167,false
2025-05-12 19:23:50,23.8333,false
2025-05-12 19:24:57,24.9500,false
2025-05-12 19:25:58,25.9667,false
2025-05-12 19:27:09,27.1500,false
2025-05-12 19:27:58,27.9667,false
2025-05-12 19:28:55,28.9167,false
2025-05-12 19:30:03,30.0500,false
2025-05-12 19:30:50,30.8333,false
2025-05-12 19:32:07,32.1167,false
2025-05-12 19:32:57,32.9500,false
2025-05-12 19:33:55,33.9167,false
2025-05-12 19:35:00,35.0000,false
2025-05-12 19:35:59,35.9833,false
2025-05-12 19:37:01,37.0167,false
2025-05-12 19:38:05,38.0833,false
2025-05-12 19:39:06,39.1000,false
2025-05-12 19:40:03,40.0500,false
2025-05-12 19:40:51,40.8500,false
2025-05-12 19:42:06,42.1000,false
2025-05-12 19:42:59,42.9833,false
2025-05-12 19:43:59,43.9833,false
2025-05-12 19:45:08,45.1333,false
2025-05-12 19:45:59,45.9833,false
2025-05-12 19:46:51,46.8500,false
2025-05-12 19:47:58,47.9667,false
2025-05-12 19:49:02,49.0333,false
2025-05-12 19:49:58,49.9667,false
2025-05-12 19:51:03,51.0500,true
2025-05-12 19:51:56,51.9333,true
2025-05-12 19:52:53,52.8833,true
2025-05-12 19:54:05,54.0833,true
2025-05-12 19:55:06,55.1000,true
2025-05-12 19:56:08,56.1333,true
2025-05-12 19:56:51,56.8500,true
2025-05-12 19:57:56,57.9333,true
2025-05-12 19:59:00,59.0000,true
2025-05-12 19:59:56,59.9333,true
2025-05-12 20:01:02,1.0333,false
2025-05-12 20:01:57,1.9500,false
2025-05-12 20:03:05,3.0833,false
2025-05-12 20:04:01,4.0167,false
2025-05-12 20:05:08,5.1333,false
2025-05-12 20:06:02,6.0333,false
2025-05-12 20:06:54,6.9000,false
2025-05-12 20:08:01,8.0167,false
2025-05-12 20:09:01,9.0167,false
2025-05-12 20:10:06,10.1000,false
2025-05-12 20:10:53,10.8833,false
2025-05-12 20:11:58,11.9667,false
2025-05-12 20:12:56,12.9333,false
2025-05-12 20:14:07,14.1167,false
2025-05-12 20:15:02,15.0333,false
2025-05-12 20:15:57,15.9500,false
2025-05-12 20:16:50,16.8333,false
2025-05-12 20:18:05,18.0833,false
2025-05-12 20:19:02,19.0333,false
2025-05-12 20:20:06,20.1000,false
2025-05-12 20:21:00,21.0000,false
2025-05-12 20:22:00,22.0000,false
2025-05-12 20:23:08,23.1333,false
2025-05-12 20:24:09,24.1500,false
2025-05-12 20:24:55,24.9167,false
2025-05-12 20:26:05,26.0833,false
2025-05-12 20:26:54,26.9000,false
2025-05-12 20:28:09,28.1500,false
2025-05-12 20:28:51,28.8500,false
2025-05-12 20:29:52,29.8667,false
2025-05-12 20:30:50,30.8333,false
2025-05-12 20:31:55,31.9167,false
2025-05-12 20:32:56,32.9333,false
2025-05-12 20:33:50,33.8333,false
2025-05-12 20:34:51,34.8500,false
2025-05-12 20:36:08,36.1333,false
2025-05-12 20:36:51,36.8500,false
2025-05-12 20:37:50,37.8333,false
2025-05-12 20:39:01,39.0167,false
2025-05-12 20:39:59,39.9833,false
2025-05-12 20:41:05,41.0833,false
2025-05-12 20:42:01,42.0167,false
2025-05-12 20:43:08,43.1333,false
2025-05-12 20:44:00,44.0000,false
2025-05-12 20:44:54,44.9000,false
2025-05-12 20:45:53,45.8833,false
2025-05-12 20:46:59,46.9833,false
2025-05-12 20:47:50,47.8333,false
2025-05-12 20:48:54,48.9000,false
2025-05-12 20:50:04,50.0667,true
2025-05-12 20:50:51,50.8500,true
2025-05-12 20:51:51,51.8500,true
2025-05-12 20:53:02,53.0333,true
2025-05-12 20:54:02,54.0333,true
2025-05-12 20:55:02,55.0333,true
2025-05-12 20:56:07,56.1167,true
2025-05-12 20:56:53,56.8833,true
2025-05-12 20:58:06,58.1000,true
2025-05-12 20:59:09,59.1500,true
2025-05-12 21:00:01,0.0167,false
2025-05-12 21:01:09,1.1500,false
2025-05-12 21:01:57,1.9500,false
2025-05-12 21:03:05,3.0833,false
2025-05-12 21:03:59,3.9833,false
2025-05-12 21:04:55,4.9167,false
2025-05-12 21:06:01,6.0167,false
2025-05-12 21:07:07,7.1167,false
2025-05-12 21:07:57,7.9500,false
2025-05-12 21:08:57,8.9500,false
2025-05-12 21:10:01,10.0167,false
2025-05-12 21:10:55,10.9167,false
2025-05-12 21:11:54,11.9000,false
2025-05-12 21:13:07,13.1167,false
2025-05-12 21:14:08,14.1333,false
2025-05-12 21:14:50,14.8333,false
2025-05-12 21:15:50,15.8333,false
2025-05-12 21:16:59,16.9833,false
2025-05-12 21:17:50,17.8333,false
2025-05-12 21:18:50,18.8333,false
2025-05-12 21:20:05,20.0833,false
2025-05-12 21:20:54,20.9000,false
2025-05-12 21:21:56,21.9333,false
2025-05-12 21:22:55,22.9167,false
2025-05-12 21:24:01,24.0167,false
2025-05-12 21:25:06,25.1000,false
2025-05-12 21:26:00,26.0000,false
2025-05-12 21:26:58,26.9667,false
2025-05-12 21:28:04,28.0667,false
2025-05-12 21:29:02,29.0333,false
2025-05-12 21:29:57,29.9500,false
2025-05-12 21:31:09,31.1500,false
2025-05-12 21:32:03,32.0500,false
2025-05-12 21:33:06,33.1000,false
2025-05-12 21:34:07,34.1167,false
2025-05-12 21:35:00,35.0000,false
2025-05-12 21:35:59,35.9833,false
2025-05-12 21:36:55,36.9167,false
2025-05-12 21:38:04,38.0667,false
2025-05-12 21:39:02,39.0333,false
2025-05-12 21:40:08,40.1333,false
2025-05-12 21:41:07,41.1167,false
2025-05-12 21:42:03,42.0500,false
2025-05-12 21:43:06,43.1000,false
2025-05-12 21:44:01,44.0167,false
2025-05-12 21:45:09,45.1500,false
2025-05-12 21:46:04,46.0667,false
2025-05-12 21:46:55,46.9167,false
2025-05-12 21:48:03,48.0500,false
2025-05-12 21:48:51,48.8500,false
2025-05-12 21:49:50,49.8333,false
2025-05-12 21:51:07,51.1167,true
2025-05-12 21:52:03,52.0500,true
2025-05-12 21:53:01,53.0167,true
2025-05-12 21:53:50,53.8333,true
2025-05-12 21:55:05,55.0833,true
2025-05-12 21:56:02,56.0333,true
2025-05-12 21:57:05,57.0833,true
2025-05-12 21:57:56,57.9333,true
2025-05-12 21:58:57,58.9500,true
2025-05-12 22:00:02,0.0333,false
2025-05-12 22:01:07,1.1167,false
2025-05-12 22:01:58,1.9667,false
2025-05-12 22:02:56,2.9333,false
2025-05-12 22:03:50,3.8333,false
2025-05-12 22:04:58,4.9667,false
2025-05-12 22:05:56,5.9333,false
2025-05-12 22:06:53,6.8833,false
2025-05-12 22:08:02,8.0333,false
2025-05-12 22:09:07,9.1167,false
2025-05-12 22:09:52,9.8667,false
2025-05-12 22:11:00,11.0000,false
2025-05-12 22:12:02,12.0333,false
2025-05-12 22:12:54,12.9000,false
2025-05-12 22:14:09,14.1500,false
2025-05-12 22:14:56,14.9333,false
2025-05-12 22:15:51,15.8500,false
2025-05-12 22:17:03,17.0500,false
2025-05-12 22:18:04,18.0667,false
2025-05-12 22:19:08,19.1333,false
2025-05-12 22:20:07,20.1167,false
2025-05-12 22:20:52,20.8667,false
2025-05-12 22:22:09,22.1500,false
2025-05-12 22:22:58,22.9667,false
2025-05-12 22:24:06,24.1000,false
2025-05-12 22:25:04,25.0667,false
2025-05-12 22:26:05,26.0833,false
2025-05-12 22:27:05,27.0833,false
2025-05-12 22:28:07,28.1167,false
2025-05-12 22:28:51,28.8500,false
2025-05-12 22:29:54,29.9000,false
2025-05-12 22:31:07,31.1167,false
2025-05-12 22:32:04,32.0667,false
2025-05-12 22:33:06,33.1000,false
2025-05-12 22:33:51,33.8500,false
2025-05-12 22:35:09,35.1500,false
2025-05-12 22:35:50,35.8333,false
2025-05-12 22:37:05,37.0833,false
2025-05-12 22:38:04,38.0667,false
2025-05-12 22:39:07,39.1167,false
2025-05-12 22:40:06,40.1000,false
2025-05-12 22:41:06,41.1000,false
2025-05-12 22:41:52,41.8667,false
2025-05-12 22:42:57,42.9500,false
2025-05-12 22:43:52,43.8667,false
2025-05-12 22:44:55,44.9167,false
2025-05-12 22:45:51,45.8500,false
2025-05-12 22:47:05,47.0833,false
2025-05-12 22:48:05,48.0833,false
2025-05-12 22:48:59,48.9833,false
2025-05-12 22:49:53,49.8833,false
2025-05-12 22:50:52,50.8667,true
2025-05-12 22:52:08,52.1333,true
2025-05-12 22:52:59,52.9833,true
2025-05-12 22:53:52,53.8667,true
2025-05-12 22:54:51,54.8500,true
2025-05-12 22:55:53,55.8833,true
2025-05-12 22:57:00,57.0000,true
2025-05-12 22:57:53,57.8833,true
2025-05-12 22:59:04,59.0667,true
2025-05-12 23:00:02,0.0333,false
2025-05-12 23:00:58,0.9667,false
2025-05-12 23:02:06,2.1000,false
2025-05-12 23:02:55,2.9167,false
2025-05-12 23:04:06,4.1000,false
2025-05-12 23:05:07,5.1167,false
2025-05-12 23:06:08,6.1333,false
2025-05-12 23:07:09,7.1500,false
2025-05-12 23:07:59,7.9833,false
2025-05-12 23:08:57,8.9500,false
2025-05-12 23:09:55,9.9167,false
2025-05-12 23:11:09,11.1500,false
2025-05-12 23:12:09,12.1500,false
2025-05-12 23:12:59,12.9833,false
2025-05-12 23:13:54,13.9000,false
2025-05-12 23:14:55,14.9167,false
2025-05-12 23:15:54,15.9000,false
2025-05-12 23:16:54,16.9000,false
2025-05-12 23:18:01,18.0167,false
2025-05-12 23:18:54,18.9000,false
2025-05-12 23:19:59,19.9833,false
2025-05-12 23:21:06,21.1000,false
2025-05-12 23:22:05,22.0833,false
2025-05-12 23:22:58,22.9667,false
2025-05-12 23:24:05,24.0833,false
2025-05-12 23:25:06,25.1000,false
2025-05-12 23:25:55,25.9167,false
2025-05-12 23:27:08,27.1333,false
2025-05-12 23:28:08,28.1333,false
2025-05-12 23:28:59,28.9833,false
2025-05-12 23:29:59,29.9833,false
2025-05-12 23:31:09,31.1500,false
2025-05-12 23:32:09,32.1500,false
2025-05-12 23:33:05,33.0833,false
2025-05-12 23:34:01,34.0167,false
2025-05-12 23:34:56,34.9333,false
2025-05-12 23:36:05,36.0833,false
2025-05-12 23:37:04,37.0667,false
2025-05-12 23:38:03,38.0500,false
2025-05-12 23:39:02,39.0333,false
2025-05-12 23:39:50,39.8333,false
2025-05-12 23:40:58,40.9667,false
2025-05-12 23:42:03,42.0500,false
2025-05-12 23:42:50,42.8333,false
2025-05-12 23:43:52,43.8667,false
2025-05-12 23:44:56,44.9333,false
2025-05-12 23:46:04,46.0667,false
2025-05-12 23:47:06,47.1000,false
2025-05-12 23:47:51,47.8500,false
2025-05-12 23:48:54,48.9000,false
2025-05-12 23:49:54,49.9000,false
2025-05-12 23:51:04,51.0667,true
2025-05-12 23:52:06,52.1000,true
2025-05-12 23:52:54,52.9000,true
2025-05-12 23:54:07,54.1167,true
2025-05-12 23:54:51,54.8500,true
2025-05-12 23:56:01,56.0167,true
2025-05-12 23:57:01,57.0167,true
2025-05-12 23:57:55,57.9167,true
2025-05-12 23:59:00,59.0000,true
