2025-04-30 23:59:41,7.0000,false
2025-05-01 00:10:18,7.8284,false
2025-05-01 00:19:40,7.8284,false
2025-05-01 00:30:29,7.8284,false
2025-05-01 00:40:09,7.8284,false
2025-05-01 00:50:27,7.8284,false
2025-05-01 00:59:41,7.8284,false
2025-05-01 01:10:20,8.4641,true
2025-05-01 01:19:43,8.4641,true
2025-05-01 01:29:38,8.4641,true
2025-05-01 01:39:47,8.4641,true
2025-05-01 01:50:03,8.4641,true
2025-05-01 01:59:47,8.4641,true
2025-05-01 02:09:41,8.8637,true
2025-05-01 02:19:39,8.8637,true
2025-05-01 02:29:40,8.8637,true
2025-05-01 02:40:12,8.8637,true
2025-05-01 02:50:11,8.8637,true
2025-05-01 03:00:23,9.0000,true
2025-05-01 03:10:01,9.0000,true
2025-05-01 03:20:04,9.0000,true
2025-05-01 03:29:54,9.0000,true
2025-05-01 03:40:08,9.0000,true
2025-05-01 03:49:43,9.0000,true
2025-05-01 03:59:40,9.0000,true
2025-05-01 04:09:52,8.8637,true
2025-05-01 04:20:18,8.8637,true
2025-05-01 04:30:04,8.8637,true
2025-05-01 04:39:57,8.8637,true
2025-05-01 04:49:49,8.8637,true
2025-05-01 05:00:15,8.4641,true
2025-05-01 05:09:58,8.4641,true
2025-05-01 05:20:11,8.4641,true
2025-05-01 05:29:36,8.4641,true
2025-05-01 05:39:53,8.4641,true
2025-05-01 05:49:42,8.4641,true
2025-05-01 06:00:23,7.8284,false
2025-05-01 06:10:07,7.8284,false
2025-05-01 06:19:44,7.8284,false
2025-05-01 06:29:43,7.8284,false
2025-05-01 06:39:46,7.8284,false
2025-05-01 06:49:36,7.8284,false
2025-05-01 07:00:23,7.0000,false
2025-05-01 07:10:27,7.0000,false
2025-05-01 07:20:06,7.0000,false
2025-05-01 07:29:30,7.0000,false
2025-05-01 07:39:34,7.0000,false
2025-05-01 07:49:42,7.0000,false
2025-05-01 08:00:22,6.0353,false
2025-05-01 08:09:53,6.0353,false
2025-05-01 08:20:08,6.0353,false
2025-05-01 08:29:48,6.0353,false
2025-05-01 08:39:46,6.0353,false
2025-05-01 08:49:41,6.0353,false
2025-05-01 08:59:53,6.0353,false
2025-05-01 09:10:02,5.0000,false
2025-05-01 09:20:21,5.0000,false
2025-05-01 09:29:30,5.0000,false
2025-05-01 09:39:42,5.0000,false
2025-05-01 09:50:22,5.0000,false
2025-05-01 10:00:00,3.9647,false
2025-05-01 10:10:06,3.9647,false
2025-05-01 10:19:57,3.9647,false
2025-05-01 10:30:01,3.9647,false
2025-05-01 10:40:27,3.9647,false
2025-05-01 10:49:36,3.9647,false
2025-05-01 11:00:15,3.0000,false
2025-05-01 11:09:48,3.0000,false
2025-05-01 11:20:08,3.0000,false
2025-05-01 11:30:16,3.0000,false
2025-05-01 11:39:38,3.0000,false
2025-05-01 11:50:21,3.0000,false
2025-05-01 11:59:30,3.0000,false
2025-05-01 12:10:09,2.1716,false
2025-05-01 12:19:38,2.1716,false
2025-05-01 12:30:16,2.1716,false
2025-05-01 12:39:31,2.1716,false
2025-05-01 12:49:38,2.1716,false
2025-05-01 12:59:46,2.1716,false
2025-05-01 13:10:14,1.5359,false
2025-05-01 13:19:44,1.5359,false
2025-05-01 13:30:09,1.5359,false
2025-05-01 13:39:45,1.5359,false
2025-05-01 13:50:07,1.5359,false
2025-05-01 13:59:40,1.5359,false
2025-05-01 14:09:33,1.1363,false
2025-05-01 14:20:25,1.1363,false
2025-05-01 14:30:26,1.1363,false
2025-05-01 14:40:18,1.1363,false
2025-05-01 14:49:38,1.1363,false
2025-05-01 14:59:47,1.1363,false
2025-05-01 15:10:21,1.0000,false
2025-05-01 15:20:07,1.0000,false
2025-05-01 15:30:24,1.0000,false
2025-05-01 15:40:25,1.0000,false
2025-05-01 15:50:29,1.0000,false
2025-05-01 15:59:31,1.0000,false
2025-05-01 16:10:26,1.1363,false
2025-05-01 16:20:24,1.1363,false
2025-05-01 16:30:18,1.1363,false
2025-05-01 16:40:12,1.1363,false
2025-05-01 16:49:53,1.1363,false
2025-05-01 16:59:56,1.1363,false
2025-05-01 17:10:25,1.5359,false
2025-05-01 17:19:52,1.5359,false
2025-05-01 17:29:57,1.5359,false
2025-05-01 17:40:11,1.5359,false
2025-05-01 17:50:02,1.5359,false
2025-05-01 18:00:13,2.1716,false
2025-05-01 18:10:19,2.1716,false
2025-05-01 18:19:55,2.1716,false
2025-05-01 18:29:51,2.1716,false
2025-05-01 18:39:35,2.1716,false
2025-05-01 18:50:20,2.1716,false
2025-05-01 18:59:58,2.1716,false
2025-05-01 19:10:22,3.0000,false
2025-05-01 19:19:30,3.0000,false
2025-05-01 19:30:28,3.0000,false
2025-05-01 19:39:52,3.0000,false
2025-05-01 19:49:46,3.0000,false
2025-05-01 19:59:46,3.0000,false
2025-05-01 20:10:17,3.9647,false
2025-05-01 20:20:15,3.9647,false
2025-05-01 20:30:00,3.9647,false
2025-05-01 20:40:06,3.9647,false
2025-05-01 20:50:15,3.9647,false
2025-05-01 20:59:39,3.9647,false
2025-05-01 21:10:13,5.0000,false
2025-05-01 21:20:06,5.0000,false
2025-05-01 21:29:54,5.0000,false
2025-05-01 21:40:18,5.0000,false
2025-05-01 21:50:26,5.0000,false
2025-05-01 21:59:49,5.0000,false
2025-05-01 22:10:29,6.0353,false
2025-05-01 22:20:10,6.0353,false
2025-05-01 22:29:51,6.0353,false
2025-05-01 22:39:51,6.0353,false
2025-05-01 22:50:01,6.0353,false
2025-05-01 23:00:01,7.0000,false
2025-05-01 23:09:57,7.0000,false
2025-05-01 23:19:34,7.0000,false
2025-05-01 23:30:03,7.0000,false
2025-05-01 23:39:53,7.0000,false
2025-05-01 23:49:55,7.0000,false
2025-05-02 00:00:09,7.8284,false
2025-05-02 00:09:51,7.8284,false
2025-05-02 00:19:53,7.8284,false
2025-05-02 00:30:26,7.8284,false
2025-05-02 00:40:12,7.8284,false
2025-05-02 00:50:02,7.8284,false
2025-05-02 00:59:41,7.8284,false
2025-05-02 01:10:24,8.4641,true
2025-05-02 01:20:22,8.4641,true
2025-05-02 01:30:29,8.4641,true
2025-05-02 01:40:16,8.4641,true
2025-05-02 01:49:58,8.4641,true
2025-05-02 01:59:31,8.4641,true
2025-05-02 02:10:04,8.8637,true
2025-05-02 02:19:30,8.8637,true
2025-05-02 02:30:28,8.8637,true
2025-05-02 02:39:58,8.8637,true
2025-05-02 02:49:46,8.8637,true
2025-05-02 03:00:27,9.0000,true
2025-05-02 03:10:29,9.0000,true
2025-05-02 03:19:44,9.0000,true
2025-05-02 03:30:19,9.0000,true
2025-05-02 03:39:54,9.0000,true
2025-05-02 03:50:28,9.0000,true
2025-05-02 04:00:23,8.8637,true
2025-05-02 04:09:42,8.8637,true
2025-05-02 04:20:03,8.8637,true
2025-05-02 04:30:26,8.8637,true
2025-05-02 04:39:38,8.8637,true
2025-05-02 04:49:50,8.8637,true
2025-05-02 04:59:37,8.8637,true
2025-05-02 05:09:42,8.4641,true
2025-05-02 05:19:35,8.4641,true
2025-05-02 05:29:52,8.4641,true
2025-05-02 05:40:22,8.4641,true
2025-05-02 05:50:09,8.4641,true
2025-05-02 05:59:38,8.4641,true
2025-05-02 06:10:09,7.8284,false
2025-05-02 06:20:25,7.8284,false
2025-05-02 06:29:43,7.8284,false
2025-05-02 06:39:31,7.8284,false
2025-05-02 06:49:50,7.8284,false
2025-05-02 07:00:06,7.0000,false
2025-05-02 07:10:01,7.0000,false
2025-05-02 07:20:02,7.0000,false
2025-05-02 07:29:40,7.0000,false
2025-05-02 07:40:03,7.0000,false
2025-05-02 07:50:21,7.0000,false
2025-05-02 08:00:21,6.0353,false
2025-05-02 08:10:26,6.0353,false
2025-05-02 08:19:53,6.0353,false
2025-05-02 08:30:24,6.0353,false
2025-05-02 08:39:53,6.0353,false
2025-05-02 08:50:01,6.0353,false
2025-05-02 09:00:18,5.0000,false
2025-05-02 09:09:48,5.0000,false
2025-05-02 09:20:04,5.0000,false
2025-05-02 09:29:59,5.0000,false
2025-05-02 09:40:29,5.0000,false
2025-05-02 09:49:54,5.0000,false
2025-05-02 09:59:49,5.0000,false
2025-05-02 10:09:42,3.9647,false
2025-05-02 10:19:51,3.9647,false
2025-05-02 10:30:19,3.9647,false
2025-05-02 10:39:38,3.9647,false
2025-05-02 10:49:33,3.9647,false
2025-05-02 10:59:42,3.9647,false
2025-05-02 11:10:24,3.0000,false
2025-05-02 11:20:14,3.0000,false
2025-05-02 11:29:35,3.0000,false
2025-05-02 11:40:20,3.0000,false
2025-05-02 11:49:50,3.0000,false
2025-05-02 11:59:54,3.0000,false
2025-05-02 12:10:13,2.1716,false
2025-05-02 12:19:40,2.1716,false
2025-05-02 12:30:18,2.1716,false
2025-05-02 12:39:36,2.1716,false
2025-05-02 12:50:29,2.1716,false
2025-05-02 12:59:33,2.1716,false
2025-05-02 13:10:03,1.5359,false
2025-05-02 13:19:48,1.5359,false
2025-05-02 13:30:06,1.5359,false
2025-05-02 13:40:27,1.5359,false
2025-05-02 13:49:46,1.5359,false
2025-05-02 14:00:06,1.1363,false
2025-05-02 14:09:55,1.1363,false
2025-05-02 14:19:51,1.1363,false
2025-05-02 14:30:16,1.1363,false
2025-05-02 14:39:54,1.1363,false
2025-05-02 14:49:47,1.1363,false
2025-05-02 15:00:02,1.0000,false
2025-05-02 15:09:56,1.0000,false
2025-05-02 15:20:23,1.0000,false
2025-05-02 15:30:05,1.0000,false
2025-05-02 15:39:31,1.0000,false
2025-05-02 15:49:36,1.0000,false
2025-05-02 16:00:09,1.1363,false
2025-05-02 16:10:05,1.1363,false
2025-05-02 16:20:03,1.1363,false
2025-05-02 16:30:04,1.1363,false
2025-05-02 16:39:35,1.1363,false
2025-05-02 16:49:39,1.1363,false
2025-05-02 16:59:58,1.1363,false
2025-05-02 17:10:08,1.5359,false
2025-05-02 17:20:07,1.5359,false
2025-05-02 17:30:26,1.5359,false
2025-05-02 17:40:15,1.5359,false
2025-05-02 17:49:42,1.5359,false
2025-05-02 17:59:48,1.5359,false
2025-05-02 18:10:19,2.1716,false
2025-05-02 18:19:46,2.1716,false
2025-05-02 18:29:37,2.1716,false
2025-05-02 18:39:30,2.1716,false
2025-05-02 18:49:58,2.1716,false
2025-05-02 19:00:25,3.0000,false
2025-05-02 19:09:34,3.0000,false
2025-05-02 19:20:12,3.0000,false
2025-05-02 19:30:18,3.0000,false
2025-05-02 19:40:01,3.0000,false
2025-05-02 19:49:49,3.0000,false
2025-05-02 19:59:37,3.0000,false
2025-05-02 20:10:03,3.9647,false
2025-05-02 20:20:29,3.9647,false
2025-05-02 20:29:42,3.9647,false
2025-05-02 20:39:40,3.9647,false
2025-05-02 20:49:53,3.9647,false
2025-05-02 20:59:51,3.9647,false
2025-05-02 21:09:35,5.0000,false
2025-05-02 21:20:11,5.0000,false
2025-05-02 21:29:44,5.0000,false
2025-05-02 21:39:53,5.0000,false
2025-05-02 21:49:56,5.0000,false
2025-05-02 21:59:44,5.0000,false
2025-05-02 22:09:42,6.0353,false
2025-05-02 22:19:52,6.0353,false
2025-05-02 22:30:23,6.0353,false
2025-05-02 22:39:35,6.0353,false
2025-05-02 22:49:34,6.0353,false
2025-05-02 22:59:53,6.0353,false
2025-05-02 23:09:30,7.0000,false
2025-05-02 23:19:31,7.0000,false
2025-05-02 23:30:18,7.0000,false
2025-05-02 23:39:33,7.0000,false
2025-05-02 23:49:30,7.0000,false
2025-05-02 23:59:51,7.0000,false
2025-05-03 00:09:55,7.8284,false
2025-05-03 00:20:26,7.8284,false
2025-05-03 00:30:14,7.8284,false
2025-05-03 00:40:27,7.8284,false
2025-05-03 00:50:25,7.8284,false
2025-05-03 01:00:23,8.4641,true
2025-05-03 01:09:42,8.4641,true
2025-05-03 01:19:54,8.4641,true
2025-05-03 01:29:59,8.4641,true
2025-05-03 01:40:28,8.4641,true
2025-05-03 01:50:25,8.4641,true
2025-05-03 01:59:53,8.4641,true
2025-05-03 02:09:38,8.8637,true
2025-05-03 02:19:50,8.8637,true
2025-05-03 02:29:45,8.8637,true
2025-05-03 02:40:23,8.8637,true
2025-05-03 02:49:51,8.8637,true
2025-05-03 02:59:32,8.8637,true
2025-05-03 03:10:22,9.0000,true
2025-05-03 03:19:31,9.0000,true
2025-05-03 03:30:27,9.0000,true
2025-05-03 03:40:17,9.0000,true
2025-05-03 03:50:02,9.0000,true
2025-05-03 03:59:42,9.0000,true
2025-05-03 04:09:39,8.8637,true
2025-05-03 04:19:47,8.8637,true
2025-05-03 04:29:32,8.8637,true
2025-05-03 04:40:09,8.8637,true
2025-05-03 04:50:02,8.8637,true
2025-05-03 05:00:17,8.4641,true
2025-05-03 05:10:29,8.4641,true
2025-05-03 05:20:00,8.4641,true
2025-05-03 05:29:32,8.4641,true
2025-05-03 05:40:17,8.4641,true
2025-05-03 05:50:18,8.4641,true
2025-05-03 05:59:36,8.4641,true
2025-05-03 06:10:09,7.8284,false
2025-05-03 06:19:40,7.8284,false
2025-05-03 06:30:22,7.8284,false
2025-05-03 06:40:07,7.8284,false
2025-05-03 06:49:41,7.8284,false
2025-05-03 07:00:04,7.0000,false
2025-05-03 07:09:46,7.0000,false
2025-05-03 07:19:49,7.0000,false
2025-05-03 07:29:43,7.0000,false
2025-05-03 07:40:18,7.0000,false
2025-05-03 07:49:35,7.0000,false
2025-05-03 08:00:28,6.0353,false
2025-05-03 08:09:59,6.0353,false
2025-05-03 08:19:30,6.0353,false
2025-05-03 08:29:41,6.0353,false
2025-05-03 08:39:51,6.0353,false
2025-05-03 08:49:43,6.0353,false
2025-05-03 08:59:38,6.0353,false
2025-05-03 09:09:41,5.0000,false
2025-05-03 09:20:04,5.0000,false
2025-05-03 09:29:44,5.0000,false
2025-05-03 09:40:22,5.0000,false
2025-05-03 09:49:46,5.0000,false
2025-05-03 10:00:26,3.9647,false
2025-05-03 10:10:02,3.9647,false
2025-05-03 10:20:17,3.9647,false
2025-05-03 10:29:48,3.9647,false
2025-05-03 10:40:20,3.9647,false
2025-05-03 10:50:29,3.9647,false
2025-05-03 11:00:13,3.0000,false
2025-05-03 11:10:25,3.0000,false
2025-05-03 11:19:58,3.0000,false
2025-05-03 11:29:50,3.0000,false
2025-05-03 11:40:21,3.0000,false
2025-05-03 11:49:54,3.0000,false
2025-05-03 11:59:44,3.0000,false
2025-05-03 12:10:11,2.1716,false
2025-05-03 12:19:56,2.1716,false
2025-05-03 12:30:21,2.1716,false
2025-05-03 12:40:06,2.1716,false
2025-05-03 12:50:20,2.1716,false
2025-05-03 12:59:48,2.1716,false
2025-05-03 13:09:50,1.5359,false
2025-05-03 13:20:15,1.5359,false
2025-05-03 13:30:29,1.5359,false
2025-05-03 13:39:56,1.5359,false
2025-05-03 13:49:46,1.5359,false
2025-05-03 14:00:27,1.1363,false
2025-05-03 14:09:31,1.1363,false
2025-05-03 14:19:34,1.1363,false
2025-05-03 14:29:50,1.1363,false
2025-05-03 14:40:12,1.1363,false
2025-05-03 14:49:57,1.1363,false
2025-05-03 15:00:18,1.0000,false
2025-05-03 15:09:39,1.0000,false
2025-05-03 15:19:41,1.0000,false
2025-05-03 15:29:33,1.0000,false
2025-05-03 15:39:54,1.0000,false
2025-05-03 15:50:01,1.0000,false
2025-05-03 15:59:31,1.0000,false
2025-05-03 16:10:09,1.1363,false
2025-05-03 16:19:35,1.1363,false
2025-05-03 16:30:21,1.1363,false
2025-05-03 16:39:48,1.1363,false
2025-05-03 16:49:44,1.1363,false
2025-05-03 16:59:54,1.1363,false
2025-05-03 17:09:36,1.5359,false
2025-05-03 17:19:32,1.5359,false
2025-05-03 17:29:45,1.5359,false
2025-05-03 17:39:43,1.5359,false
2025-05-03 17:49:58,1.5359,false
2025-05-03 17:59:59,1.5359,false
2025-05-03 18:10:14,2.1716,false
2025-05-03 18:20:05,2.1716,false
2025-05-03 18:29:32,2.1716,false
2025-05-03 18:39:50,2.1716,false
2025-05-03 18:49:44,2.1716,false
2025-05-03 18:59:57,2.1716,false
2025-05-03 19:09:43,3.0000,false
2025-05-03 19:20:17,3.0000,false
2025-05-03 19:29:40,3.0000,false
2025-05-03 19:40:01,3.0000,false
2025-05-03 19:50:08,3.0000,false
2025-05-03 19:59:54,3.0000,false
2025-05-03 20:10:19,3.9647,false
2025-05-03 20:20:27,3.9647,false
2025-05-03 20:30:03,3.9647,false
2025-05-03 20:40:20,3.9647,false
2025-05-03 20:49:48,3.9647,false
2025-05-03 20:59:52,3.9647,false
2025-05-03 21:09:38,5.0000,false
2025-05-03 21:20:26,5.0000,false
2025-05-03 21:30:21,5.0000,false
2025-05-03 21:39:40,5.0000,false
2025-05-03 21:49:58,5.0000,false
2025-05-03 22:00:25,6.0353,false
2025-05-03 22:10:02,6.0353,false
2025-05-03 22:19:50,6.0353,false
2025-05-03 22:29:32,6.0353,false
2025-05-03 22:40:05,6.0353,false
2025-05-03 22:49:53,6.0353,false
2025-05-03 23:00:27,7.0000,false
2025-05-03 23:10:01,7.0000,false
2025-05-03 23:20:11,7.0000,false
2025-05-03 23:29:35,7.0000,false
2025-05-03 23:40:01,7.0000,false
2025-05-03 23:50:21,7.0000,false
2025-05-03 23:59:40,7.0000,false
2025-05-04 00:10:11,7.8284,false
2025-05-04 00:20:04,7.8284,false
2025-05-04 00:29:31,7.8284,false
2025-05-04 00:40:05,7.8284,false
2025-05-04 00:49:58,7.8284,false
2025-05-04 00:59:35,7.8284,false
2025-05-04 01:09:50,8.4641,true
2025-05-04 01:20:27,8.4641,true
2025-05-04 01:30:21,8.4641,true
2025-05-04 01:40:00,8.4641,true
2025-05-04 01:50:00,8.4641,true
2025-05-04 02:00:09,8.8637,true
2025-05-04 02:10:09,8.8637,true
2025-05-04 02:20:20,8.8637,true
2025-05-04 02:30:14,8.8637,true
2025-05-04 02:40:07,8.8637,true
2025-05-04 02:49:55,8.8637,true
2025-05-04 02:59:30,8.8637,true
2025-05-04 03:09:55,9.0000,true
2025-05-04 03:20:04,9.0000,true
2025-05-04 03:30:11,9.0000,true
2025-05-04 03:40:13,9.0000,true
2025-05-04 03:50:23,9.0000,true
2025-05-04 03:59:38,9.0000,true
2025-05-04 04:10:13,8.8637,true
2025-05-04 04:19:58,8.8637,true
2025-05-04 04:29:47,8.8637,true
2025-05-04 04:40:15,8.8637,true
2025-05-04 04:49:45,8.8637,true
2025-05-04 04:59:48,8.8637,true
2025-05-04 05:09:35,8.4641,true
2025-05-04 05:19:32,8.4641,true
2025-05-04 05:29:37,8.4641,true
2025-05-04 05:39:46,8.4641,true
2025-05-04 05:50:15,8.4641,true
2025-05-04 05:59:32,8.4641,true
2025-05-04 06:09:55,7.8284,false
2025-05-04 06:20:29,7.8284,false
2025-05-04 06:29:41,7.8284,false
2025-05-04 06:39:30,7.8284,false
2025-05-04 06:49:49,7.8284,false
2025-05-04 06:59:37,7.8284,false
2025-05-04 07:09:44,7.0000,false
2025-05-04 07:20:26,7.0000,false
2025-05-04 07:30:25,7.0000,false
2025-05-04 07:40:29,7.0000,false
2025-05-04 07:49:50,7.0000,false
2025-05-04 08:00:07,6.0353,false
2025-05-04 08:09:52,6.0353,false
2025-05-04 08:20:06,6.0353,false
2025-05-04 08:29:48,6.0353,false
2025-05-04 08:39:44,6.0353,false
2025-05-04 08:49:30,6.0353,false
2025-05-04 08:59:52,6.0353,false
2025-05-04 09:09:54,5.0000,false
2025-05-04 09:20:05,5.0000,false
2025-05-04 09:30:14,5.0000,false
2025-05-04 09:39:43,5.0000,false
2025-05-04 09:49:44,5.0000,false
2025-05-04 09:59:34,5.0000,false
2025-05-04 10:09:30,3.9647,false
2025-05-04 10:20:09,3.9647,false
2025-05-04 10:30:14,3.9647,false
2025-05-04 10:39:59,3.9647,false
2025-05-04 10:49:35,3.9647,false
2025-05-04 10:59:48,3.9647,false
2025-05-04 11:09:49,3.0000,false
2025-05-04 11:20:04,3.0000,false
2025-05-04 11:30:19,3.0000,false
2025-05-04 11:40:09,3.0000,false
2025-05-04 11:49:39,3.0000,false
2025-05-04 11:59:36,3.0000,false
2025-05-04 12:10:14,2.1716,false
2025-05-04 12:19:38,2.1716,false
2025-05-04 12:30:01,2.1716,false
2025-05-04 12:39:46,2.1716,false
2025-05-04 12:50:21,2.1716,false
2025-05-04 12:59:56,2.1716,false
2025-05-04 13:09:42,1.5359,false
2025-05-04 13:19:54,1.5359,false
2025-05-04 13:29:33,1.5359,false
2025-05-04 13:39:40,1.5359,false
2025-05-04 13:50:00,1.5359,false
2025-05-04 14:00:02,1.1363,false
2025-05-04 14:10:17,1.1363,false
2025-05-04 14:20:23,1.1363,false
2025-05-04 14:29:43,1.1363,false
2025-05-04 14:40:03,1.1363,false
2025-05-04 14:49:38,1.1363,false
2025-05-04 15:00:05,1.0000,false
2025-05-04 15:10:11,1.0000,false
2025-05-04 15:20:15,1.0000,false
2025-05-04 15:30:02,1.0000,false
2025-05-04 15:40:11,1.0000,false
2025-05-04 15:49:34,1.0000,false
2025-05-04 15:59:42,1.0000,false
2025-05-04 16:09:39,1.1363,false
2025-05-04 16:19:36,1.1363,false
2025-05-04 16:30:02,1.1363,false
2025-05-04 16:39:41,1.1363,false
2025-05-04 16:49:50,1.1363,false
2025-05-04 16:59:42,1.1363,false
2025-05-04 17:09:43,1.5359,false
2025-05-04 17:19:35,1.5359,false
2025-05-04 17:29:39,1.5359,false
2025-05-04 17:39:48,1.5359,false
2025-05-04 17:50:26,1.5359,false
2025-05-04 18:00:04,2.1716,false
2025-05-04 18:10:07,2.1716,false
2025-05-04 18:19:35,2.1716,false
2025-05-04 18:30:23,2.1716,false
2025-05-04 18:39:57,2.1716,false
2025-05-04 18:50:07,2.1716,false
2025-05-04 19:00:14,3.0000,false
2025-05-04 19:09:44,3.0000,false
2025-05-04 19:20:01,3.0000,false
2025-05-04 19:30:00,3.0000,false
2025-05-04 19:40:12,3.0000,false
2025-05-04 19:50:15,3.0000,false
2025-05-04 20:00:04,3.9647,false
2025-05-04 20:09:30,3.9647,false
2025-05-04 20:19:36,3.9647,false
2025-05-04 20:29:32,3.9647,false
2025-05-04 20:40:07,3.9647,false
2025-05-04 20:49:43,3.9647,false
2025-05-04 21:00:02,5.0000,false
2025-05-04 21:09:36,5.0000,false
2025-05-04 21:19:49,5.0000,false
2025-05-04 21:30:10,5.0000,false
2025-05-04 21:40:06,5.0000,false
2025-05-04 21:49:34,5.0000,false
2025-05-04 22:00:13,6.0353,false
2025-05-04 22:10:14,6.0353,false
2025-05-04 22:19:44,6.0353,false
2025-05-04 22:29:38,6.0353,false
2025-05-04 22:39:56,6.0353,false
2025-05-04 22:50:27,6.0353,false
2025-05-04 23:00:11,7.0000,false
2025-05-04 23:09:46,7.0000,false
2025-05-04 23:20:09,7.0000,false
2025-05-04 23:29:35,7.0000,false
2025-05-04 23:40:17,7.0000,false
2025-05-04 23:49:51,7.0000,false
2025-05-05 00:00:16,7.8284,false
2025-05-05 00:09:44,7.8284,false
2025-05-05 00:19:40,7.8284,false
2025-05-05 00:29:39,7.8284,false
2025-05-05 00:39:40,7.8284,false
2025-05-05 00:50:03,7.8284,false
2025-05-05 01:00:26,8.4641,true
2025-05-05 01:09:42,8.4641,true
2025-05-05 01:19:55,8.4641,true
2025-05-05 01:30:09,8.4641,true
2025-05-05 01:40:08,8.4641,true
2025-05-05 01:50:07,8.4641,true
2025-05-05 01:59:30,8.4641,true
2025-05-05 02:10:25,8.8637,true
2025-05-05 02:19:57,8.8637,true
2025-05-05 02:29:36,8.8637,true
2025-05-05 02:40:19,8.8637,true
2025-05-05 02:50:14,8.8637,true
2025-05-05 02:59:50,8.8637,true
2025-05-05 03:10:14,9.0000,true
2025-05-05 03:19:32,9.0000,true
2025-05-05 03:30:08,9.0000,true
2025-05-05 03:39:57,9.0000,true
2025-05-05 03:49:42,9.0000,true
2025-05-05 04:00:10,8.8637,true
2025-05-05 04:10:09,8.8637,true
2025-05-05 04:19:57,8.8637,true
2025-05-05 04:29:46,8.8637,true
2025-05-05 04:39:54,8.8637,true
2025-05-05 04:49:42,8.8637,true
2025-05-05 05:00:02,8.4641,true
2025-05-05 05:10:29,8.4641,true
2025-05-05 05:20:07,8.4641,true
2025-05-05 05:30:21,8.4641,true
2025-05-05 05:39:58,8.4641,true
2025-05-05 05:49:53,8.4641,true
2025-05-05 05:59:39,8.4641,true
2025-05-05 06:10:03,7.8284,false
2025-05-05 06:19:34,7.8284,false
2025-05-05 06:29:52,7.8284,false
2025-05-05 06:39:49,7.8284,false
2025-05-05 06:50:05,7.8284,false
2025-05-05 07:00:18,7.0000,false
2025-05-05 07:10:23,7.0000,false
2025-05-05 07:19:40,7.0000,false
2025-05-05 07:30:18,7.0000,false
2025-05-05 07:40:13,7.0000,false
2025-05-05 07:49:43,7.0000,false
2025-05-05 07:59:30,7.0000,false
2025-05-05 08:10:13,6.0353,false
2025-05-05 08:20:00,6.0353,false
2025-05-05 08:29:47,6.0353,false
2025-05-05 08:39:50,6.0353,false
2025-05-05 08:50:20,6.0353,false
2025-05-05 09:00:03,5.0000,false
2025-05-05 09:09:32,5.0000,false
2025-05-05 09:20:00,5.0000,false
2025-05-05 09:30:15,5.0000,false
2025-05-05 09:39:46,5.0000,false
2025-05-05 09:50:24,5.0000,false
2025-05-05 09:59:40,5.0000,false
2025-05-05 10:09:34,3.9647,false
2025-05-05 10:19:32,3.9647,false
2025-05-05 10:30:13,3.9647,false
2025-05-05 10:39:56,3.9647,false
2025-05-05 10:49:39,3.9647,false
2025-05-05 11:00:25,3.0000,false
2025-05-05 11:09:33,3.0000,false
2025-05-05 11:20:23,3.0000,false
2025-05-05 11:30:25,3.0000,false
2025-05-05 11:39:44,3.0000,false
2025-05-05 11:49:34,3.0000,false
2025-05-05 11:59:40,3.0000,false
2025-05-05 12:09:49,2.1716,false
2025-05-05 12:19:55,2.1716,false
2025-05-05 12:29:37,2.1716,false
2025-05-05 12:40:23,2.1716,false
2025-05-05 12:50:29,2.1716,false
2025-05-05 12:59:46,2.1716,false
2025-05-05 13:09:30,1.5359,false
2025-05-05 13:20:24,1.5359,false
2025-05-05 13:29:53,1.5359,false
2025-05-05 13:40:28,1.5359,false
2025-05-05 13:49:51,1.5359,false
2025-05-05 14:00:16,1.1363,false
2025-05-05 14:09:54,1.1363,false
2025-05-05 14:19:59,1.1363,false
2025-05-05 14:29:45,1.1363,false
2025-05-05 14:39:37,1.1363,false
2025-05-05 14:50:28,1.1363,false
2025-05-05 14:59:37,1.1363,false
2025-05-05 15:10:14,1.0000,false
2025-05-05 15:19:34,1.0000,false
2025-05-05 15:30:10,1.0000,false
2025-05-05 15:40:28,1.0000,false
2025-05-05 15:50:03,1.0000,false
2025-05-05 16:00:22,1.1363,false
2025-05-05 16:09:36,1.1363,false
2025-05-05 16:19:45,1.1363,false
2025-05-05 16:29:35,1.1363,false
2025-05-05 16:40:12,1.1363,false
2025-05-05 16:50:09,1.1363,false
2025-05-05 17:00:15,1.5359,false
2025-05-05 17:09:45,1.5359,false
2025-05-05 17:19:48,1.5359,false
2025-05-05 17:29:46,1.5359,false
2025-05-05 17:40:05,1.5359,false
2025-05-05 17:50:29,1.5359,false
2025-05-05 18:00:11,2.1716,false
2025-05-05 18:10:19,2.1716,false
2025-05-05 18:20:15,2.1716,false
2025-05-05 18:30:06,2.1716,false
2025-05-05 18:40:17,2.1716,false
2025-05-05 18:50:25,2.1716,false
2025-05-05 18:59:41,2.1716,false
2025-05-05 19:09:51,3.0000,false
2025-05-05 19:19:45,3.0000,false
2025-05-05 19:30:04,3.0000,false
2025-05-05 19:39:58,3.0000,false
2025-05-05 19:49:39,3.0000,false
2025-05-05 20:00:24,3.9647,false
2025-05-05 20:10:05,3.9647,false
2025-05-05 20:20:29,3.9647,false
2025-05-05 20:29:48,3.9647,false
2025-05-05 20:39:55,3.9647,false
2025-05-05 20:49:50,3.9647,false
2025-05-05 20:59:34,3.9647,false
2025-05-05 21:10:02,5.0000,false
2025-05-05 21:20:01,5.0000,false
2025-05-05 21:30:18,5.0000,false
2025-05-05 21:39:42,5.0000,false
2025-05-05 21:49:30,5.0000,false
2025-05-05 21:59:38,5.0000,false
2025-05-05 22:10:15,6.0353,false
2025-05-05 22:19:53,6.0353,false
2025-05-05 22:29:57,6.0353,false
2025-05-05 22:40:18,6.0353,false
2025-05-05 22:49:51,6.0353,false
2025-05-05 22:59:53,6.0353,false
2025-05-05 23:10:27,7.0000,false
2025-05-05 23:19:33,7.0000,false
2025-05-05 23:29:35,7.0000,false
2025-05-05 23:39:30,7.0000,false
2025-05-05 23:50:26,7.0000,false
2025-05-05 23:59:48,7.0000,false
2025-05-06 00:10:18,7.8284,false
2025-05-06 00:19:31,7.8284,false
2025-05-06 00:29:31,7.8284,false
2025-05-06 00:39:53,7.8284,false
2025-05-06 00:50:27,7.8284,false
2025-05-06 01:00:11,8.4641,true
2025-05-06 01:10:12,8.4641,true
2025-05-06 01:19:53,8.4641,true
2025-05-06 01:30:07,8.4641,true
2025-05-06 01:39:43,8.4641,true
2025-05-06 01:50:18,8.4641,true
2025-05-06 02:00:15,8.8637,true
2025-05-06 02:10:25,8.8637,true
2025-05-06 02:20:29,8.8637,true
2025-05-06 02:30:07,8.8637,true
2025-05-06 02:39:43,8.8637,true
2025-05-06 02:50:20,8.8637,true
2025-05-06 02:59:34,8.8637,true
2025-05-06 03:10:06,9.0000,true
2025-05-06 03:20:15,9.0000,true
2025-05-06 03:30:13,9.0000,true
2025-05-06 03:39:59,9.0000,true
2025-05-06 03:49:51,9.0000,true
2025-05-06 03:59:56,9.0000,true
2025-05-06 04:09:44,8.8637,true
2025-05-06 04:20:00,8.8637,true
2025-05-06 04:30:24,8.8637,true
2025-05-06 04:40:01,8.8637,true
2025-05-06 04:49:49,8.8637,true
2025-05-06 04:59:50,8.8637,true
2025-05-06 05:10:09,8.4641,true
2025-05-06 05:20:12,8.4641,true
2025-05-06 05:29:31,8.4641,true
2025-05-06 05:39:32,8.4641,true
2025-05-06 05:49:32,8.4641,true
2025-05-06 06:00:04,7.8284,false
2025-05-06 06:09:38,7.8284,false
2025-05-06 06:20:08,7.8284,false
2025-05-06 06:30:28,7.8284,false
2025-05-06 06:39:36,7.8284,false
2025-05-06 06:49:51,7.8284,false
2025-05-06 06:59:43,7.8284,false
2025-05-06 07:10:28,7.0000,false
2025-05-06 07:20:18,7.0000,false
2025-05-06 07:29:35,7.0000,false
2025-05-06 07:40:12,7.0000,false
2025-05-06 07:49:37,7.0000,false
2025-05-06 08:00:13,6.0353,false
2025-05-06 08:09:40,6.0353,false
2025-05-06 08:19:35,6.0353,false
2025-05-06 08:29:45,6.0353,false
2025-05-06 08:40:22,6.0353,false
2025-05-06 08:50:11,6.0353,false
2025-05-06 09:00:18,5.0000,false
2025-05-06 09:10:03,5.0000,false
2025-05-06 09:19:34,5.0000,false
2025-05-06 09:30:10,5.0000,false
2025-05-06 09:39:54,5.0000,false
2025-05-06 09:49:46,5.0000,false
2025-05-06 10:00:22,3.9647,false
2025-05-06 10:09:37,3.9647,false
2025-05-06 10:20:17,3.9647,false
2025-05-06 10:29:45,3.9647,false
2025-05-06 10:40:04,3.9647,false
2025-05-06 10:49:47,3.9647,false
2025-05-06 11:00:13,3.0000,false
2025-05-06 11:09:48,3.0000,false
2025-05-06 11:19:40,3.0000,false
2025-05-06 11:29:57,3.0000,false
2025-05-06 11:39:31,3.0000,false
2025-05-06 11:50:25,3.0000,false
2025-05-06 11:59:46,3.0000,false
2025-05-06 12:09:39,2.1716,false
2025-05-06 12:20:10,2.1716,false
2025-05-06 12:30:22,2.1716,false
2025-05-06 12:40:05,2.1716,false
2025-05-06 12:49:32,2.1716,false
2025-05-06 12:59:36,2.1716,false
2025-05-06 13:09:46,1.5359,false
2025-05-06 13:19:30,1.5359,false
2025-05-06 13:29:49,1.5359,false
2025-05-06 13:39:34,1.5359,false
2025-05-06 13:49:59,1.5359,false
2025-05-06 14:00:17,1.1363,false
2025-05-06 14:10:29,1.1363,false
2025-05-06 14:19:52,1.1363,false
2025-05-06 14:30:00,1.1363,false
2025-05-06 14:39:56,1.1363,false
2025-05-06 14:49:34,1.1363,false
2025-05-06 14:59:47,1.1363,false
2025-05-06 15:09:51,1.0000,false
2025-05-06 15:20:22,1.0000,false
2025-05-06 15:30:08,1.0000,false
2025-05-06 15:39:56,1.0000,false
2025-05-06 15:49:44,1.0000,false
2025-05-06 16:00:09,1.1363,false
2025-05-06 16:10:09,1.1363,false
2025-05-06 16:19:45,1.1363,false
2025-05-06 16:29:41,1.1363,false
2025-05-06 16:39:33,1.1363,false
2025-05-06 16:49:35,1.1363,false
2025-05-06 17:00:03,1.5359,false
2025-05-06 17:09:36,1.5359,false
2025-05-06 17:19:58,1.5359,false
2025-05-06 17:30:15,1.5359,false
2025-05-06 17:40:19,1.5359,false
2025-05-06 17:49:42,1.5359,false
2025-05-06 18:00:14,2.1716,false
2025-05-06 18:10:10,2.1716,false
2025-05-06 18:20:16,2.1716,false
2025-05-06 18:30:21,2.1716,false
2025-05-06 18:40:12,2.1716,false
2025-05-06 18:49:46,2.1716,false
2025-05-06 19:00:26,3.0000,false
2025-05-06 19:09:42,3.0000,false
2025-05-06 19:19:42,3.0000,false
2025-05-06 19:30:18,3.0000,false
2025-05-06 19:40:00,3.0000,false
2025-05-06 19:50:08,3.0000,false
2025-05-06 19:59:56,3.0000,false
2025-05-06 20:10:11,3.9647,false
2025-05-06 20:19:54,3.9647,false
2025-05-06 20:29:47,3.9647,false
2025-05-06 20:40:05,3.9647,false
2025-05-06 20:50:11,3.9647,false
2025-05-06 21:00:25,5.0000,false
2025-05-06 21:09:57,5.0000,false
2025-05-06 21:20:26,5.0000,false
2025-05-06 21:29:32,5.0000,false
2025-05-06 21:40:02,5.0000,false
2025-05-06 21:49:46,5.0000,false
2025-05-06 21:59:32,5.0000,false
2025-05-06 22:09:51,6.0353,false
2025-05-06 22:20:25,6.0353,false
2025-05-06 22:30:03,6.0353,false
2025-05-06 22:40:21,6.0353,false
2025-05-06 22:49:41,6.0353,false
2025-05-06 23:00:05,7.0000,false
2025-05-06 23:10:26,7.0000,false
2025-05-06 23:19:39,7.0000,false
2025-05-06 23:29:46,7.0000,false
2025-05-06 23:40:15,7.0000,false
2025-05-06 23:49:58,7.0000,false
2025-05-07 00:00:05,7.8284,false
2025-05-07 00:10:14,7.8284,false
2025-05-07 00:20:19,7.8284,false
2025-05-07 00:30:15,7.8284,false
2025-05-07 00:40:03,7.8284,false
2025-05-07 00:50:03,7.8284,false
2025-05-07 01:00:11,8.4641,true
2025-05-07 01:09:48,8.4641,true
2025-05-07 01:20:15,8.4641,true
2025-05-07 01:29:52,8.4641,true
2025-05-07 01:40:05,8.4641,true
2025-05-07 01:49:50,8.4641,true
2025-05-07 01:59:53,8.4641,true
2025-05-07 02:09:59,8.8637,true
2025-05-07 02:19:30,8.8637,true
2025-05-07 02:29:43,8.8637,true
2025-05-07 02:40:27,8.8637,true
2025-05-07 02:49:30,8.8637,true
2025-05-07 02:59:47,8.8637,true
2025-05-07 03:09:56,9.0000,true
2025-05-07 03:19:48,9.0000,true
2025-05-07 03:29:45,9.0000,true
2025-05-07 03:39:39,9.0000,true
2025-05-07 03:50:22,9.0000,true
2025-05-07 03:59:39,9.0000,true
2025-05-07 04:09:56,8.8637,true
2025-05-07 04:20:05,8.8637,true
2025-05-07 04:30:02,8.8637,true
2025-05-07 04:39:54,8.8637,true
2025-05-07 04:49:44,8.8637,true
2025-05-07 05:00:19,8.4641,true
2025-05-07 05:09:34,8.4641,true
2025-05-07 05:20:08,8.4641,true
2025-05-07 05:30:09,8.4641,true
2025-05-07 05:39:57,8.4641,true
2025-05-07 05:49:41,8.4641,true
2025-05-07 05:59:43,8.4641,true
2025-05-07 06:10:26,7.8284,false
2025-05-07 06:19:32,7.8284,false
2025-05-07 06:30:11,7.8284,false
2025-05-07 06:39:44,7.8284,false
2025-05-07 06:49:58,7.8284,false
2025-05-07 07:00:11,7.0000,false
2025-05-07 07:10:09,7.0000,false
2025-05-07 07:20:15,7.0000,false
2025-05-07 07:30:01,7.0000,false
2025-05-07 07:39:50,7.0000,false
2025-05-07 07:50:25,7.0000,false
2025-05-07 08:00:18,6.0353,false
2025-05-07 08:09:42,6.0353,false
2025-05-07 08:20:14,6.0353,false
2025-05-07 08:30:10,6.0353,false
2025-05-07 08:39:31,6.0353,false
2025-05-07 08:50:11,6.0353,false
2025-05-07 08:59:58,6.0353,false
2025-05-07 09:09:39,5.0000,false
2025-05-07 09:20:26,5.0000,false
2025-05-07 09:29:58,5.0000,false
2025-05-07 09:39:36,5.0000,false
2025-05-07 09:50:17,5.0000,false
2025-05-07 10:00:10,3.9647,false
2025-05-07 10:09:54,3.9647,false
2025-05-07 10:20:28,3.9647,false
2025-05-07 10:30:00,3.9647,false
2025-05-07 10:40:16,3.9647,false
2025-05-07 10:50:12,3.9647,false
2025-05-07 10:59:42,3.9647,false
2025-05-07 11:09:34,3.0000,false
2025-05-07 11:20:14,3.0000,false
2025-05-07 11:30:26,3.0000,false
2025-05-07 11:39:47,3.0000,false
2025-05-07 11:50:20,3.0000,false
2025-05-07 11:59:40,3.0000,false
2025-05-07 12:09:54,2.1716,false
2025-05-07 12:19:44,2.1716,false
2025-05-07 12:29:40,2.1716,false
2025-05-07 12:40:11,2.1716,false
2025-05-07 12:50:06,2.1716,false
2025-05-07 13:00:16,1.5359,false
2025-05-07 13:10:10,1.5359,false
2025-05-07 13:19:32,1.5359,false
2025-05-07 13:30:05,1.5359,false
2025-05-07 13:39:48,1.5359,false
2025-05-07 13:50:07,1.5359,false
2025-05-07 13:59:33,1.5359,false
2025-05-07 14:10:21,1.1363,false
2025-05-07 14:20:20,1.1363,false
2025-05-07 14:29:32,1.1363,false
2025-05-07 14:39:59,1.1363,false
2025-05-07 14:50:23,1.1363,false
2025-05-07 14:59:45,1.1363,false
2025-05-07 15:09:45,1.0000,false
2025-05-07 15:19:44,1.0000,false
2025-05-07 15:29:43,1.0000,false
2025-05-07 15:39:38,1.0000,false
2025-05-07 15:50:06,1.0000,false
2025-05-07 15:59:49,1.0000,false
2025-05-07 16:10:00,1.1363,false
2025-05-07 16:20:20,1.1363,false
2025-05-07 16:30:09,1.1363,false
2025-05-07 16:40:12,1.1363,false
2025-05-07 16:49:37,1.1363,false
2025-05-07 17:00:12,1.5359,false
2025-05-07 17:09:55,1.5359,false
2025-05-07 17:20:20,1.5359,false
2025-05-07 17:29:50,1.5359,false
2025-05-07 17:39:56,1.5359,false
2025-05-07 17:50:05,1.5359,false
2025-05-07 17:59:38,1.5359,false
2025-05-07 18:09:57,2.1716,false
2025-05-07 18:20:10,2.1716,false
2025-05-07 18:30:19,2.1716,false
2025-05-07 18:39:45,2.1716,false
2025-05-07 18:50:11,2.1716,false
2025-05-07 18:59:34,2.1716,false
2025-05-07 19:10:22,3.0000,false
2025-05-07 19:19:31,3.0000,false
2025-05-07 19:30:26,3.0000,false
2025-05-07 19:39:35,3.0000,false
2025-05-07 19:50:19,3.0000,false
2025-05-07 20:00:25,3.9647,false
2025-05-07 20:09:49,3.9647,false
2025-05-07 20:20:01,3.9647,false
2025-05-07 20:29:48,3.9647,false
2025-05-07 20:39:31,3.9647,false
2025-05-07 20:49:58,3.9647,false
2025-05-07 20:59:49,3.9647,false
2025-05-07 21:10:16,5.0000,false
2025-05-07 21:20:05,5.0000,false
2025-05-07 21:29:53,5.0000,false
2025-05-07 21:39:53,5.0000,false
2025-05-07 21:49:32,5.0000,false
2025-05-07 22:00:28,6.0353,false
2025-05-07 22:10:17,6.0353,false
2025-05-07 22:19:34,6.0353,false
2025-05-07 22:29:56,6.0353,false
2025-05-07 22:40:28,6.0353,false
2025-05-07 22:50:07,6.0353,false
2025-05-07 22:59:35,6.0353,false
2025-05-07 23:09:56,7.0000,false
2025-05-07 23:19:45,7.0000,false
2025-05-07 23:29:34,7.0000,false
2025-05-07 23:40:11,7.0000,false
2025-05-07 23:49:33,7.0000,false
2025-05-08 00:00:05,7.8284,false
2025-05-08 00:10:10,7.8284,false
2025-05-08 00:20:17,7.8284,false
2025-05-08 00:30:21,7.8284,false
2025-05-08 00:39:59,7.8284,false
2025-05-08 00:50:29,7.8284,false
2025-05-08 00:59:34,7.8284,false
2025-05-08 01:10:07,8.4641,true
2025-05-08 01:20:23,8.4641,true
2025-05-08 01:29:54,8.4641,true
2025-05-08 01:40:18,8.4641,true
2025-05-08 01:49:50,8.4641,true
2025-05-08 01:59:43,8.4641,true
2025-05-08 02:10:24,8.8637,true
2025-05-08 02:19:58,8.8637,true
2025-05-08 02:29:46,8.8637,true
2025-05-08 02:39:43,8.8637,true
2025-05-08 02:50:22,8.8637,true
2025-05-08 02:59:42,8.8637,true
2025-05-08 03:10:28,9.0000,true
2025-05-08 03:20:04,9.0000,true
2025-05-08 03:30:25,9.0000,true
2025-05-08 03:39:41,9.0000,true
2025-05-08 03:50:26,9.0000,true
2025-05-08 03:59:52,9.0000,true
2025-05-08 04:09:34,8.8637,true
2025-05-08 04:20:22,8.8637,true
2025-05-08 04:30:08,8.8637,true
2025-05-08 04:39:33,8.8637,true
2025-05-08 04:49:50,8.8637,true
2025-05-08 05:00:09,8.4641,true
2025-05-08 05:10:06,8.4641,true
2025-05-08 05:20:01,8.4641,true
2025-05-08 05:29:48,8.4641,true
2025-05-08 05:40:25,8.4641,true
2025-05-08 05:50:10,8.4641,true
2025-05-08 06:00:14,7.8284,false
2025-05-08 06:10:27,7.8284,false
2025-05-08 06:19:32,7.8284,false
2025-05-08 06:30:16,7.8284,false
2025-05-08 06:39:54,7.8284,false
2025-05-08 06:49:48,7.8284,false
2025-05-08 07:00:25,7.0000,false
2025-05-08 07:10:16,7.0000,false
2025-05-08 07:20:25,7.0000,false
2025-05-08 07:30:13,7.0000,false
2025-05-08 07:40:22,7.0000,false
2025-05-08 07:49:54,7.0000,false
2025-05-08 07:59:53,7.0000,false
2025-05-08 08:10:04,6.0353,false
2025-05-08 08:20:12,6.0353,false
2025-05-08 08:29:30,6.0353,false
2025-05-08 08:40:12,6.0353,false
2025-05-08 08:50:23,6.0353,false
2025-05-08 08:59:51,6.0353,false
2025-05-08 09:10:22,5.0000,false
2025-05-08 09:20:08,5.0000,false
2025-05-08 09:29:59,5.0000,false
2025-05-08 09:39:40,5.0000,false
2025-05-08 09:49:39,5.0000,false
2025-05-08 09:59:37,5.0000,false
2025-05-08 10:10:07,3.9647,false
2025-05-08 10:20:20,3.9647,false
2025-05-08 10:29:39,3.9647,false
2025-05-08 10:39:54,3.9647,false
2025-05-08 10:49:30,3.9647,false
2025-05-08 10:59:34,3.9647,false
2025-05-08 11:10:20,3.0000,false
2025-05-08 11:20:08,3.0000,false
2025-05-08 11:30:17,3.0000,false
2025-05-08 11:40:24,3.0000,false
2025-05-08 11:49:36,3.0000,false
2025-05-08 12:00:03,2.1716,false
2025-05-08 12:09:46,2.1716,false
2025-05-08 12:19:49,2.1716,false
2025-05-08 12:29:44,2.1716,false
2025-05-08 12:39:46,2.1716,false
2025-05-08 12:50:21,2.1716,false
2025-05-08 13:00:29,1.5359,false
2025-05-08 13:10:17,1.5359,false
2025-05-08 13:19:50,1.5359,false
2025-05-08 13:29:46,1.5359,false
2025-05-08 13:40:11,1.5359,false
2025-05-08 13:49:42,1.5359,false
2025-05-08 14:00:25,1.1363,false
2025-05-08 14:09:39,1.1363,false
2025-05-08 14:19:59,1.1363,false
2025-05-08 14:29:39,1.1363,false
2025-05-08 14:40:21,1.1363,false
2025-05-08 14:49:55,1.1363,false
2025-05-08 15:00:29,1.0000,false
2025-05-08 15:10:24,1.0000,false
2025-05-08 15:20:26,1.0000,false
2025-05-08 15:29:37,1.0000,false
2025-05-08 15:39:38,1.0000,false
2025-05-08 15:49:46,1.0000,false
2025-05-08 16:00:27,1.1363,false
2025-05-08 16:10:14,1.1363,false
2025-05-08 16:19:49,1.1363,false
2025-05-08 16:29:43,1.1363,false
2025-05-08 16:40:15,1.1363,false
2025-05-08 16:50:22,1.1363,false
2025-05-08 17:00:11,1.5359,false
2025-05-08 17:09:50,1.5359,false
2025-05-08 17:19:53,1.5359,false
2025-05-08 17:30:04,1.5359,false
2025-05-08 17:40:26,1.5359,false
2025-05-08 17:49:54,1.5359,false
2025-05-08 17:59:39,1.5359,false
2025-05-08 18:10:14,2.1716,false
2025-05-08 18:20:23,2.1716,false
2025-05-08 18:29:50,2.1716,false
2025-05-08 18:40:00,2.1716,false
2025-05-08 18:49:36,2.1716,false
2025-05-08 19:00:03,3.0000,false
2025-05-08 19:09:34,3.0000,false
2025-05-08 19:19:33,3.0000,false
2025-05-08 19:30:25,3.0000,false
2025-05-08 19:40:05,3.0000,false
2025-05-08 19:49:58,3.0000,false
2025-05-08 19:59:55,3.0000,false
2025-05-08 20:09:57,3.9647,false
2025-05-08 20:20:05,3.9647,false
2025-05-08 20:29:33,3.9647,false
2025-05-08 20:39:42,3.9647,false
2025-05-08 20:50:05,3.9647,false
2025-05-08 20:59:34,3.9647,false
2025-05-08 21:10:28,5.0000,false
2025-05-08 21:20:08,5.0000,false
2025-05-08 21:30:11,5.0000,false
2025-05-08 21:39:30,5.0000,false
2025-05-08 21:50:13,5.0000,false
2025-05-08 21:59:36,5.0000,false
2025-05-08 22:10:16,6.0353,false
2025-05-08 22:19:59,6.0353,false
2025-05-08 22:30:16,6.0353,false
2025-05-08 22:39:41,6.0353,false
2025-05-08 22:50:17,6.0353,false
2025-05-08 22:59:32,6.0353,false
2025-05-08 23:09:39,7.0000,false
2025-05-08 23:20:28,7.0000,false
2025-05-08 23:29:59,7.0000,false
2025-05-08 23:39:53,7.0000,false
2025-05-08 23:49:57,7.0000,false
2025-05-09 00:00:04,7.8284,false
2025-05-09 00:10:11,7.8284,false
2025-05-09 00:20:29,7.8284,false
2025-05-09 00:30:02,7.8284,false
2025-05-09 00:40:10,7.8284,false
2025-05-09 00:49:31,7.8284,false
2025-05-09 00:59:30,7.8284,false
2025-05-09 01:10:14,8.4641,true
2025-05-09 01:20:23,8.4641,true
2025-05-09 01:30:28,8.4641,true
2025-05-09 01:39:59,8.4641,true
2025-05-09 01:49:43,8.4641,true
2025-05-09 02:00:16,8.8637,true
2025-05-09 02:10:10,8.8637,true
2025-05-09 02:19:50,8.8637,true
2025-05-09 02:30:22,8.8637,true
2025-05-09 02:39:57,8.8637,true
2025-05-09 02:49:45,8.8637,true
2025-05-09 02:59:57,8.8637,true
2025-05-09 03:10:24,9.0000,true
2025-05-09 03:20:25,9.0000,true
2025-05-09 03:29:57,9.0000,true
2025-05-09 03:39:35,9.0000,true
2025-05-09 03:49:41,9.0000,true
2025-05-09 04:00:09,8.8637,true
2025-05-09 04:10:25,8.8637,true
2025-05-09 04:19:58,8.8637,true
2025-05-09 04:29:33,8.8637,true
2025-05-09 04:39:58,8.8637,true
2025-05-09 04:50:03,8.8637,true
2025-05-09 05:00:05,8.4641,true
2025-05-09 05:09:36,8.4641,true
2025-05-09 05:20:23,8.4641,true
2025-05-09 05:30:28,8.4641,true
2025-05-09 05:39:34,8.4641,true
2025-05-09 05:50:07,8.4641,true
2025-05-09 05:59:44,8.4641,true
2025-05-09 06:10:10,7.8284,false
2025-05-09 06:20:06,7.8284,false
2025-05-09 06:30:23,7.8284,false
2025-05-09 06:40:02,7.8284,false
2025-05-09 06:50:04,7.8284,false
2025-05-09 07:00:18,7.0000,false
2025-05-09 07:09:36,7.0000,false
2025-05-09 07:19:55,7.0000,false
2025-05-09 07:29:38,7.0000,false
2025-05-09 07:40:01,7.0000,false
2025-05-09 07:50:00,7.0000,false
2025-05-09 07:59:45,7.0000,false
2025-05-09 08:09:36,6.0353,false
2025-05-09 08:19:56,6.0353,false
2025-05-09 08:29:44,6.0353,false
2025-05-09 08:39:55,6.0353,false
2025-05-09 08:50:25,6.0353,false
2025-05-09 08:59:38,6.0353,false
2025-05-09 09:10:10,5.0000,false
2025-05-09 09:19:43,5.0000,false
2025-05-09 09:29:50,5.0000,false
2025-05-09 09:39:54,5.0000,false
2025-05-09 09:49:52,5.0000,false
2025-05-09 09:59:52,5.0000,false
2025-05-09 10:09:43,3.9647,false
2025-05-09 10:19:49,3.9647,false
2025-05-09 10:29:36,3.9647,false
2025-05-09 10:40:01,3.9647,false
2025-05-09 10:49:44,3.9647,false
2025-05-09 11:00:28,3.0000,false
2025-05-09 11:09:40,3.0000,false
2025-05-09 11:19:40,3.0000,false
2025-05-09 11:30:20,3.0000,false
2025-05-09 11:40:26,3.0000,false
2025-05-09 11:50:23,3.0000,false
2025-05-09 12:00:07,2.1716,false
2025-05-09 12:09:31,2.1716,false
2025-05-09 12:20:00,2.1716,false
2025-05-09 12:29:55,2.1716,false
2025-05-09 12:39:34,2.1716,false
2025-05-09 12:50:28,2.1716,false
2025-05-09 12:59:56,2.1716,false
2025-05-09 13:10:22,1.5359,false
2025-05-09 13:19:49,1.5359,false
2025-05-09 13:30:19,1.5359,false
2025-05-09 13:40:01,1.5359,false
2025-05-09 13:50:23,1.5359,false
2025-05-09 13:59:43,1.5359,false
2025-05-09 14:10:29,1.1363,false
2025-05-09 14:20:23,1.1363,false
2025-05-09 14:29:42,1.1363,false
2025-05-09 14:39:41,1.1363,false
2025-05-09 14:49:36,1.1363,false
2025-05-09 15:00:27,1.0000,false
2025-05-09 15:09:50,1.0000,false
2025-05-09 15:20:10,1.0000,false
2025-05-09 15:29:41,1.0000,false
2025-05-09 15:39:41,1.0000,false
2025-05-09 15:49:37,1.0000,false
2025-05-09 16:00:12,1.1363,false
2025-05-09 16:09:40,1.1363,false
2025-05-09 16:20:14,1.1363,false
2025-05-09 16:30:28,1.1363,false
2025-05-09 16:40:18,1.1363,false
2025-05-09 16:50:29,1.1363,false
2025-05-09 16:59:31,1.1363,false
2025-05-09 17:09:46,1.5359,false
2025-05-09 17:19:39,1.5359,false
2025-05-09 17:29:33,1.5359,false
2025-05-09 17:39:57,1.5359,false
2025-05-09 17:49:38,1.5359,false
2025-05-09 17:59:47,1.5359,false
2025-05-09 18:09:48,2.1716,false
2025-05-09 18:19:41,2.1716,false
2025-05-09 18:29:44,2.1716,false
2025-05-09 18:39:39,2.1716,false
2025-05-09 18:49:47,2.1716,false
2025-05-09 19:00:15,3.0000,false
2025-05-09 19:09:39,3.0000,false
2025-05-09 19:19:39,3.0000,false
2025-05-09 19:29:41,3.0000,false
2025-05-09 19:40:16,3.0000,false
2025-05-09 19:50:25,3.0000,false
2025-05-09 19:59:55,3.0000,false
2025-05-09 20:09:36,3.9647,false
2025-05-09 20:19:34,3.9647,false
2025-05-09 20:29:39,3.9647,false
2025-05-09 20:39:37,3.9647,false
2025-05-09 20:49:44,3.9647,false
2025-05-09 20:59:50,3.9647,false
2025-05-09 21:10:03,5.0000,false
2025-05-09 21:19:39,5.0000,false
2025-05-09 21:30:21,5.0000,false
2025-05-09 21:39:59,5.0000,false
2025-05-09 21:49:59,5.0000,false
2025-05-09 21:59:44,5.0000,false
2025-05-09 22:10:27,6.0353,false
2025-05-09 22:19:45,6.0353,false
2025-05-09 22:29:36,6.0353,false
2025-05-09 22:40:23,6.0353,false
2025-05-09 22:49:42,6.0353,false
2025-05-09 22:59:36,6.0353,false
2025-05-09 23:10:00,7.0000,false
2025-05-09 23:20:23,7.0000,false
2025-05-09 23:30:29,7.0000,false
2025-05-09 23:39:44,7.0000,false
2025-05-09 23:50:28,7.0000,false
2025-05-10 00:00:24,7.8284,false
2025-05-10 00:09:55,7.8284,false
2025-05-10 00:20:27,7.8284,false
2025-05-10 00:29:57,7.8284,false
2025-05-10 00:39:45,7.8284,false
2025-05-10 00:50:16,7.8284,false
2025-05-10 01:00:17,8.4641,true
2025-05-10 01:10:18,8.4641,true
2025-05-10 01:20:02,8.4641,true
2025-05-10 01:29:34,8.4641,true
2025-05-10 01:39:52,8.4641,true
2025-05-10 01:49:32,8.4641,true
2025-05-10 02:00:28,8.8637,true
2025-05-10 02:09:38,8.8637,true
2025-05-10 02:20:05,8.8637,true
2025-05-10 02:30:24,8.8637,true
2025-05-10 02:39:54,8.8637,true
2025-05-10 02:49:57,8.8637,true
2025-05-10 02:59:48,8.8637,true
2025-05-10 03:09:34,9.0000,true
2025-05-10 03:19:56,9.0000,true
2025-05-10 03:30:21,9.0000,true
2025-05-10 03:39:38,9.0000,true
2025-05-10 03:50:20,9.0000,true
2025-05-10 04:00:21,8.8637,true
2025-05-10 04:10:01,8.8637,true
2025-05-10 04:19:45,8.8637,true
2025-05-10 04:30:28,8.8637,true
2025-05-10 04:40:05,8.8637,true
2025-05-10 04:50:09,8.8637,true
2025-05-10 04:59:52,8.8637,true
2025-05-10 05:09:40,8.4641,true
2025-05-10 05:20:26,8.4641,true
2025-05-10 05:29:37,8.4641,true
2025-05-10 05:39:49,8.4641,true
2025-05-10 05:50:19,8.4641,true
2025-05-10 06:00:28,7.8284,false
2025-05-10 06:09:54,7.8284,false
2025-05-10 06:20:06,7.8284,false
2025-05-10 06:29:57,7.8284,false
2025-05-10 06:39:59,7.8284,false
2025-05-10 06:50:05,7.8284,false
2025-05-10 06:59:47,7.8284,false
2025-05-10 07:10:08,7.0000,false
2025-05-10 07:20:17,7.0000,false
2025-05-10 07:30:20,7.0000,false
2025-05-10 07:39:45,7.0000,false
2025-05-10 07:49:34,7.0000,false
2025-05-10 08:00:13,6.0353,false
2025-05-10 08:09:41,6.0353,false
2025-05-10 08:20:06,6.0353,false
2025-05-10 08:30:03,6.0353,false
2025-05-10 08:40:03,6.0353,false
2025-05-10 08:49:37,6.0353,false
2025-05-10 09:00:21,5.0000,false
2025-05-10 09:09:51,5.0000,false
2025-05-10 09:19:50,5.0000,false
2025-05-10 09:29:33,5.0000,false
2025-05-10 09:39:41,5.0000,false
2025-05-10 09:50:20,5.0000,false
2025-05-10 09:59:46,5.0000,false
2025-05-10 10:09:50,3.9647,false
2025-05-10 10:20:01,3.9647,false
2025-05-10 10:30:11,3.9647,false
2025-05-10 10:40:18,3.9647,false
2025-05-10 10:49:52,3.9647,false
2025-05-10 10:59:32,3.9647,false
2025-05-10 11:09:45,3.0000,false
2025-05-10 11:19:51,3.0000,false
2025-05-10 11:30:03,3.0000,false
2025-05-10 11:39:38,3.0000,false
2025-05-10 11:50:05,3.0000,false
2025-05-10 11:59:44,3.0000,false
2025-05-10 12:10:17,2.1716,false
2025-05-10 12:19:37,2.1716,false
2025-05-10 12:30:01,2.1716,false
2025-05-10 12:40:12,2.1716,false
2025-05-10 12:50:08,2.1716,false
2025-05-10 12:59:45,2.1716,false
2025-05-10 13:10:21,1.5359,false
2025-05-10 13:19:40,1.5359,false
2025-05-10 13:30:15,1.5359,false
2025-05-10 13:40:29,1.5359,false
2025-05-10 13:50:24,1.5359,false
2025-05-10 14:00:25,1.1363,false
2025-05-10 14:10:04,1.1363,false
2025-05-10 14:19:38,1.1363,false
2025-05-10 14:30:15,1.1363,false
2025-05-10 14:40:14,1.1363,false
2025-05-10 14:50:00,1.1363,false
2025-05-10 15:00:03,1.0000,false
2025-05-10 15:10:01,1.0000,false
2025-05-10 15:20:01,1.0000,false
2025-05-10 15:30:26,1.0000,false
2025-05-10 15:39:30,1.0000,false
2025-05-10 15:49:41,1.0000,false
2025-05-10 16:00:07,1.1363,false
2025-05-10 16:10:27,1.1363,false
2025-05-10 16:19:38,1.1363,false
2025-05-10 16:29:56,1.1363,false
2025-05-10 16:39:46,1.1363,false
2025-05-10 16:50:17,1.1363,false
2025-05-10 17:00:21,1.5359,false
2025-05-10 17:10:22,1.5359,false
2025-05-10 17:19:51,1.5359,false
2025-05-10 17:30:19,1.5359,false
2025-05-10 17:39:32,1.5359,false
2025-05-10 17:49:41,1.5359,false
2025-05-10 17:59:36,1.5359,false
2025-05-10 18:09:48,2.1716,false
2025-05-10 18:20:21,2.1716,false
2025-05-10 18:29:35,2.1716,false
2025-05-10 18:39:31,2.1716,false
2025-05-10 18:49:55,2.1716,false
2025-05-10 19:00:24,3.0000,false
2025-05-10 19:10:01,3.0000,false
2025-05-10 19:19:56,3.0000,false
2025-05-10 19:29:42,3.0000,false
2025-05-10 19:39:47,3.0000,false
2025-05-10 19:50:26,3.0000,false
2025-05-10 20:00:21,3.9647,false
2025-05-10 20:09:42,3.9647,false
2025-05-10 20:20:21,3.9647,false
2025-05-10 20:30:25,3.9647,false
2025-05-10 20:40:18,3.9647,false
2025-05-10 20:49:37,3.9647,false
2025-05-10 20:59:56,3.9647,false
2025-05-10 21:09:33,5.0000,false
2025-05-10 21:19:37,5.0000,false
2025-05-10 21:30:19,5.0000,false
2025-05-10 21:40:06,5.0000,false
2025-05-10 21:49:32,5.0000,false
2025-05-10 22:00:07,6.0353,false
2025-05-10 22:09:44,6.0353,false
2025-05-10 22:19:38,6.0353,false
2025-05-10 22:29:41,6.0353,false
2025-05-10 22:39:42,6.0353,false
2025-05-10 22:50:13,6.0353,false
2025-05-10 22:59:40,6.0353,false
2025-05-10 23:10:27,7.0000,false
2025-05-10 23:20:06,7.0000,false
2025-05-10 23:29:46,7.0000,false
2025-05-10 23:39:45,7.0000,false
2025-05-10 23:50:16,7.0000,false
2025-05-10 23:59:39,7.0000,false
2025-05-11 00:09:37,7.8284,false
2025-05-11 00:19:40,7.8284,false
2025-05-11 00:30:10,7.8284,false
2025-05-11 00:40:12,7.8284,false
2025-05-11 00:49:39,7.8284,false
2025-05-11 01:00:19,8.4641,true
2025-05-11 01:09:44,8.4641,true
2025-05-11 01:20:23,8.4641,true
2025-05-11 01:29:33,8.4641,true
2025-05-11 01:40:27,8.4641,true
2025-05-11 01:49:33,8.4641,true
2025-05-11 02:00:14,8.8637,true
2025-05-11 02:09:54,8.8637,true
2025-05-11 02:19:31,8.8637,true
2025-05-11 02:30:02,8.8637,true
2025-05-11 02:40:21,8.8637,true
2025-05-11 02:49:39,8.8637,true
2025-05-11 02:59:45,8.8637,true
2025-05-11 03:09:36,9.0000,true
2025-05-11 03:20:29,9.0000,true
2025-05-11 03:30:22,9.0000,true
2025-05-11 03:39:44,9.0000,true
2025-05-11 03:49:57,9.0000,true
2025-05-11 04:00:18,8.8637,true
2025-05-11 04:10:21,8.8637,true
2025-05-11 04:20:01,8.8637,true
2025-05-11 04:30:28,8.8637,true
2025-05-11 04:39:36,8.8637,true
2025-05-11 04:49:41,8.8637,true
2025-05-11 04:59:49,8.8637,true
2025-05-11 05:10:19,8.4641,true
2025-05-11 05:20:28,8.4641,true
2025-05-11 05:30:17,8.4641,true
2025-05-11 05:40:05,8.4641,true
2025-05-11 05:50:13,8.4641,true
2025-05-11 06:00:00,7.8284,false
2025-05-11 06:09:37,7.8284,false
2025-05-11 06:19:43,7.8284,false
2025-05-11 06:30:07,7.8284,false
2025-05-11 06:40:16,7.8284,false
2025-05-11 06:50:19,7.8284,false
2025-05-11 07:00:11,7.0000,false
2025-05-11 07:10:18,7.0000,false
2025-05-11 07:20:22,7.0000,false
2025-05-11 07:29:53,7.0000,false
2025-05-11 07:39:57,7.0000,false
2025-05-11 07:49:46,7.0000,false
2025-05-11 07:59:37,7.0000,false
2025-05-11 08:10:02,6.0353,false
2025-05-11 08:19:54,6.0353,false
2025-05-11 08:29:31,6.0353,false
2025-05-11 08:39:55,6.0353,false
2025-05-11 08:49:32,6.0353,false
2025-05-11 09:00:12,5.0000,false
2025-05-11 09:10:19,5.0000,false
2025-05-11 09:19:50,5.0000,false
2025-05-11 09:30:26,5.0000,false
2025-05-11 09:40:03,5.0000,false
2025-05-11 09:50:07,5.0000,false
2025-05-11 10:00:10,3.9647,false
2025-05-11 10:10:06,3.9647,false
2025-05-11 10:20:15,3.9647,false
2025-05-11 10:30:18,3.9647,false
2025-05-11 10:40:02,3.9647,false
2025-05-11 10:49:59,3.9647,false
2025-05-11 11:00:14,3.0000,false
2025-05-11 11:10:14,3.0000,false
2025-05-11 11:20:20,3.0000,false
2025-05-11 11:29:45,3.0000,false
2025-05-11 11:40:10,3.0000,false
2025-05-11 11:49:37,3.0000,false
2025-05-11 11:59:54,3.0000,false
2025-05-11 12:10:06,2.1716,false
2025-05-11 12:19:59,2.1716,false
2025-05-11 12:30:13,2.1716,false
2025-05-11 12:40:21,2.1716,false
2025-05-11 12:49:30,2.1716,false
2025-05-11 13:00:19,1.5359,false
2025-05-11 13:10:29,1.5359,false
2025-05-11 13:19:32,1.5359,false
2025-05-11 13:29:39,1.5359,false
2025-05-11 13:40:04,1.5359,false
2025-05-11 13:49:58,1.5359,false
2025-05-11 13:59:52,1.5359,false
2025-05-11 14:10:29,1.1363,false
2025-05-11 14:20:22,1.1363,false
2025-05-11 14:30:27,1.1363,false
2025-05-11 14:40:14,1.1363,false
2025-05-11 14:49:45,1.1363,false
2025-05-11 15:00:20,1.0000,false
2025-05-11 15:09:38,1.0000,false
2025-05-11 15:20:02,1.0000,false
2025-05-11 15:30:29,1.0000,false
2025-05-11 15:40:18,1.0000,false
2025-05-11 15:50:28,1.0000,false
2025-05-11 16:00:10,1.1363,false
2025-05-11 16:09:35,1.1363,false
2025-05-11 16:19:35,1.1363,false
2025-05-11 16:29:43,1.1363,false
2025-05-11 16:40:19,1.1363,false
2025-05-11 16:49:57,1.1363,false
2025-05-11 16:59:32,1.1363,false
2025-05-11 17:10:27,1.5359,false
2025-05-11 17:19:33,1.5359,false
2025-05-11 17:29:52,1.5359,false
2025-05-11 17:39:46,1.5359,false
2025-05-11 17:50:15,1.5359,false
2025-05-11 18:00:16,2.1716,false
2025-05-11 18:10:06,2.1716,false
2025-05-11 18:20:08,2.1716,false
2025-05-11 18:29:35,2.1716,false
2025-05-11 18:39:39,2.1716,false
2025-05-11 18:49:57,2.1716,false
2025-05-11 18:59:58,2.1716,false
2025-05-11 19:10:02,3.0000,false
2025-05-11 19:19:51,3.0000,false
2025-05-11 19:29:35,3.0000,false
2025-05-11 19:40:29,3.0000,false
2025-05-11 19:49:57,3.0000,false
2025-05-11 20:00:13,3.9647,false
2025-05-11 20:10:22,3.9647,false
2025-05-11 20:19:57,3.9647,false
2025-05-11 20:29:50,3.9647,false
2025-05-11 20:40:13,3.9647,false
2025-05-11 20:50:15,3.9647,false
2025-05-11 21:00:05,5.0000,false
2025-05-11 21:10:03,5.0000,false
2025-05-11 21:19:59,5.0000,false
2025-05-11 21:30:15,5.0000,false
2025-05-11 21:40:18,5.0000,false
2025-05-11 21:49:53,5.0000,false
2025-05-11 21:59:48,5.0000,false
2025-05-11 22:10:28,6.0353,false
2025-05-11 22:19:42,6.0353,false
2025-05-11 22:30:07,6.0353,false
2025-05-11 22:40:22,6.0353,false
2025-05-11 22:50:12,6.0353,false
2025-05-11 23:00:10,7.0000,false
2025-05-11 23:09:44,7.0000,false
2025-05-11 23:19:59,7.0000,false
2025-05-11 23:30:09,7.0000,false
2025-05-11 23:40:11,7.0000,false
2025-05-11 23:50:04,7.0000,false
2025-05-12 00:00:05,7.8284,false
2025-05-12 00:09:42,7.8284,false
2025-05-12 00:19:50,7.8284,false
2025-05-12 00:29:33,7.8284,false
2025-05-12 00:39:31,7.8284,false
2025-05-12 00:49:44,7.8284,false
2025-05-12 01:00:11,8.4641,true
2025-05-12 01:10:16,8.4641,true
2025-05-12 01:19:40,8.4641,true
2025-05-12 01:29:53,8.4641,true
2025-05-12 01:40:02,8.4641,true
2025-05-12 01:49:46,8.4641,true
2025-05-12 01:59:40,8.4641,true
2025-05-12 02:10:24,8.8637,true
2025-05-12 02:19:55,8.8637,true
2025-05-12 02:30:28,8.8637,true
2025-05-12 02:39:47,8.8637,true
2025-05-12 02:49:49,8.8637,true
2025-05-12 03:00:23,9.0000,true
2025-05-12 03:09:31,9.0000,true
2025-05-12 03:20:07,9.0000,true
2025-05-12 03:30:15,9.0000,true
2025-05-12 03:40:20,9.0000,true
2025-05-12 03:50:04,9.0000,true
2025-05-12 04:00:18,8.8637,true
2025-05-12 04:10:04,8.8637,true
2025-05-12 04:20:15,8.8637,true
2025-05-12 04:30:03,8.8637,true
2025-05-12 04:40:13,8.8637,true
2025-05-12 04:49:58,8.8637,true
2025-05-12 05:00:24,8.4641,true
2025-05-12 05:10:20,8.4641,true
2025-05-12 05:19:57,8.4641,true
2025-05-12 05:30:00,8.4641,true
2025-05-12 05:40:16,8.4641,true
2025-05-12 05:50:19,8.4641,true
2025-05-12 06:00:02,7.8284,false
2025-05-12 06:10:07,7.8284,false
2025-05-12 06:20:15,7.8284,false
2025-05-12 06:30:15,7.8284,false
2025-05-12 06:39:58,7.8284,false
2025-05-12 06:49:39,7.8284,false
2025-05-12 06:59:54,7.8284,false
2025-05-12 07:09:55,7.0000,false
2025-05-12 07:19:57,7.0000,false
2025-05-12 07:30:15,7.0000,false
2025-05-12 07:40:06,7.0000,false
2025-05-12 07:50:14,7.0000,false
2025-05-12 07:59:47,7.0000,false
2025-05-12 08:10:13,6.0353,false
2025-05-12 08:19:33,6.0353,false
2025-05-12 08:30:06,6.0353,false
2025-05-12 08:40:23,6.0353,false
2025-05-12 08:49:46,6.0353,false
2025-05-12 08:59:59,6.0353,false
2025-05-12 09:09:44,5.0000,false
2025-05-12 09:20:10,5.0000,false
2025-05-12 09:30:20,5.0000,false
2025-05-12 09:39:55,5.0000,false
2025-05-12 09:49:40,5.0000,false
2025-05-12 10:00:04,3.9647,false
2025-05-12 10:09:35,3.9647,false
2025-05-12 10:19:45,3.9647,false
2025-05-12 10:30:00,3.9647,false
2025-05-12 10:39:40,3.9647,false
2025-05-12 10:49:35,3.9647,false
2025-05-12 10:59:39,3.9647,false
2025-05-12 11:10:14,3.0000,false
2025-05-12 11:20:21,3.0000,false
2025-05-12 11:30:27,3.0000,false
2025-05-12 11:39:33,3.0000,false
2025-05-12 11:49:46,3.0000,false
2025-05-12 11:59:33,3.0000,false
2025-05-12 12:10:09,2.1716,false
2025-05-12 12:19:47,2.1716,false
2025-05-12 12:29:59,2.1716,false
2025-05-12 12:40:27,2.1716,false
2025-05-12 12:49:53,2.1716,false
2025-05-12 12:59:33,2.1716,false
2025-05-12 13:09:37,1.5359,false
2025-05-12 13:19:59,1.5359,false
2025-05-12 13:29:33,1.5359,false
2025-05-12 13:40:28,1.5359,false
2025-05-12 13:50:21,1.5359,false
2025-05-12 13:59:50,1.5359,false
2025-05-12 14:09:50,1.1363,false
2025-05-12 14:19:53,1.1363,false
2025-05-12 14:29:43,1.1363,false
2025-05-12 14:39:51,1.1363,false
2025-05-12 14:49:44,1.1363,false
2025-05-12 15:00:28,1.0000,false
2025-05-12 15:10:23,1.0000,false
2025-05-12 15:20:01,1.0000,false
2025-05-12 15:30:10,1.0000,false
2025-05-12 15:39:41,1.0000,false
2025-05-12 15:50:29,1.0000,false
2025-05-12 15:59:35,1.0000,false
2025-05-12 16:09:36,1.1363,false
2025-05-12 16:19:45,1.1363,false
2025-05-12 16:30:02,1.1363,false
2025-05-12 16:39:31,1.1363,false
2025-05-12 16:49:51,1.1363,false
2025-05-12 16:59:48,1.1363,false
2025-05-12 17:10:03,1.5359,false
2025-05-12 17:20:26,1.5359,false
2025-05-12 17:30:23,1.5359,false
2025-05-12 17:39:56,1.5359,false
2025-05-12 17:50:20,1.5359,false
2025-05-12 18:00:16,2.1716,false
2025-05-12 18:10:01,2.1716,false
2025-05-12 18:20:24,2.1716,false
2025-05-12 18:30:16,2.1716,false
2025-05-12 18:39:33,2.1716,false
2025-05-12 18:50:18,2.1716,false
2025-05-12 19:00:15,3.0000,false
2025-05-12 19:10:01,3.0000,false
2025-05-12 19:19:42,3.0000,false
2025-05-12 19:29:37,3.0000,false
2025-05-12 19:39:53,3.0000,false
2025-05-12 19:50:12,3.0000,false
2025-05-12 19:59:49,3.0000,false
2025-05-12 20:10:25,3.9647,false
2025-05-12 20:19:50,3.9647,false
2025-05-12 20:29:36,3.9647,false
2025-05-12 20:39:34,3.9647,false
2025-05-12 20:50:15,3.9647,false
2025-05-12 21:00:02,5.0000,false
2025-05-12 21:10:25,5.0000,false
2025-05-12 21:20:00,5.0000,false
2025-05-12 21:29:41,5.0000,false
2025-05-12 21:39:50,5.0000,false
2025-05-12 21:50:26,5.0000,false
2025-05-12 21:59:45,5.0000,false
2025-05-12 22:09:54,6.0353,false
2025-05-12 22:19:43,6.0353,false
2025-05-12 22:30:26,6.0353,false
2025-05-12 22:40:18,6.0353,false
2025-05-12 22:50:20,6.0353,false
2025-05-12 22:59:58,6.0353,false
2025-05-12 23:10:19,7.0000,false
2025-05-12 23:20:18,7.0000,false
2025-05-12 23:29:51,7.0000,false
2025-05-12 23:40:15,7.0000,false
2025-05-12 23:49:45,7.0000,false
2025-05-12 23:59:52,7.0000,false
2025-05-13 00:09:38,7.8284,false
2025-05-13 00:20:27,7.8284,false
2025-05-13 00:29:31,7.8284,false
2025-05-13 00:39:32,7.8284,false
2025-05-13 00:50:04,7.8284,false
2025-05-13 00:59:51,7.8284,false
2025-05-13 01:10:09,8.4641,true
2025-05-13 01:20:07,8.4641,true
2025-05-13 01:29:37,8.4641,true
2025-05-13 01:40:25,8.4641,true
2025-05-13 01:49:57,8.4641,true
2025-05-13 02:00:03,8.8637,true
2025-05-13 02:09:41,8.8637,true
2025-05-13 02:19:40,8.8637,true
2025-05-13 02:30:10,8.8637,true
2025-05-13 02:39:43,8.8637,true
2025-05-13 02:50:12,8.8637,true
2025-05-13 03:00:01,9.0000,true
2025-05-13 03:10:11,9.0000,true
2025-05-13 03:19:42,9.0000,true
2025-05-13 03:29:30,9.0000,true
2025-05-13 03:40:06,9.0000,true
2025-05-13 03:49:38,9.0000,true
2025-05-13 03:59:54,9.0000,true
2025-05-13 04:10:19,8.8637,true
2025-05-13 04:20:12,8.8637,true
2025-05-13 04:29:52,8.8637,true
2025-05-13 04:39:30,8.8637,true
2025-05-13 04:49:46,8.8637,true
2025-05-13 05:00:21,8.4641,true
2025-05-13 05:10:14,8.4641,true
2025-05-13 05:20:11,8.4641,true
2025-05-13 05:29:36,8.4641,true
2025-05-13 05:39:35,8.4641,true
2025-05-13 05:49:34,8.4641,true
2025-05-13 05:59:32,8.4641,true
2025-05-13 06:09:38,7.8284,false
2025-05-13 06:19:59,7.8284,false
2025-05-13 06:30:06,7.8284,false
2025-05-13 06:40:17,7.8284,false
2025-05-13 06:50:03,7.8284,false
2025-05-13 06:59:39,7.8284,false
2025-05-13 07:09:32,7.0000,false
2025-05-13 07:19:31,7.0000,false
2025-05-13 07:30:14,7.0000,false
2025-05-13 07:39:58,7.0000,false
2025-05-13 07:50:26,7.0000,false
2025-05-13 08:00:16,6.0353,false
2025-05-13 08:10:12,6.0353,false
2025-05-13 08:19:54,6.0353,false
2025-05-13 08:29:53,6.0353,false
2025-05-13 08:40:25,6.0353,false
2025-05-13 08:50:08,6.0353,false
2025-05-13 08:59:57,6.0353,false
2025-05-13 09:09:50,5.0000,false
2025-05-13 09:20:16,5.0000,false
2025-05-13 09:30:22,5.0000,false
2025-05-13 09:40:10,5.0000,false
2025-05-13 09:50:28,5.0000,false
2025-05-13 09:59:47,5.0000,false
2025-05-13 10:09:56,3.9647,false
2025-05-13 10:20:19,3.9647,false
2025-05-13 10:29:56,3.9647,false
2025-05-13 10:40:28,3.9647,false
2025-05-13 10:50:20,3.9647,false
2025-05-13 11:00:17,3.0000,false
2025-05-13 11:10:02,3.0000,false
2025-05-13 11:19:38,3.0000,false
2025-05-13 11:30:11,3.0000,false
2025-05-13 11:40:06,3.0000,false
2025-05-13 11:49:38,3.0000,false
2025-05-13 11:59:45,3.0000,false
2025-05-13 12:10:02,2.1716,false
2025-05-13 12:19:35,2.1716,false
2025-05-13 12:30:29,2.1716,false
2025-05-13 12:40:29,2.1716,false
2025-05-13 12:50:17,2.1716,false
2025-05-13 12:59:43,2.1716,false
2025-05-13 13:09:34,1.5359,false
2025-05-13 13:20:18,1.5359,false
2025-05-13 13:30:19,1.5359,false
2025-05-13 13:39:32,1.5359,false
2025-05-13 13:50:01,1.5359,false
2025-05-13 13:59:38,1.5359,false
2025-05-13 14:10:11,1.1363,false
2025-05-13 14:20:20,1.1363,false
2025-05-13 14:29:46,1.1363,false
2025-05-13 14:39:31,1.1363,false
2025-05-13 14:49:40,1.1363,false
2025-05-13 15:00:15,1.0000,false
2025-05-13 15:09:52,1.0000,false
2025-05-13 15:20:12,1.0000,false
2025-05-13 15:30:18,1.0000,false
2025-05-13 15:39:56,1.0000,false
2025-05-13 15:49:39,1.0000,false
2025-05-13 15:59:33,1.0000,false
2025-05-13 16:10:21,1.1363,false
2025-05-13 16:19:51,1.1363,false
2025-05-13 16:29:51,1.1363,false
2025-05-13 16:39:52,1.1363,false
2025-05-13 16:49:48,1.1363,false
2025-05-13 17:00:29,1.5359,false
2025-05-13 17:10:07,1.5359,false
2025-05-13 17:19:59,1.5359,false
2025-05-13 17:29:43,1.5359,false
2025-05-13 17:39:48,1.5359,false
2025-05-13 17:50:02,1.5359,false
2025-05-13 17:59:32,1.5359,false
2025-05-13 18:10:22,2.1716,false
2025-05-13 18:20:07,2.1716,false
2025-05-13 18:30:07,2.1716,false
2025-05-13 18:39:36,2.1716,false
2025-05-13 18:50:14,2.1716,false
2025-05-13 19:00:08,3.0000,false
2025-05-13 19:09:31,3.0000,false
2025-05-13 19:19:52,3.0000,false
2025-05-13 19:30:24,3.0000,false
2025-05-13 19:40:23,3.0000,false
2025-05-13 19:49:54,3.0000,false
2025-05-13 19:59:57,3.0000,false
2025-05-13 20:10:20,3.9647,false
2025-05-13 20:19:32,3.9647,false
2025-05-13 20:29:33,3.9647,false
2025-05-13 20:39:39,3.9647,false
2025-05-13 20:49:54,3.9647,false
2025-05-13 21:00:00,5.0000,false
2025-05-13 21:09:36,5.0000,false
2025-05-13 21:20:15,5.0000,false
2025-05-13 21:29:49,5.0000,false
2025-05-13 21:39:41,5.0000,false
2025-05-13 21:49:38,5.0000,false
2025-05-13 22:00:16,6.0353,false
2025-05-13 22:09:32,6.0353,false
2025-05-13 22:20:01,6.0353,false
2025-05-13 22:30:21,6.0353,false
2025-05-13 22:40:19,6.0353,false
2025-05-13 22:50:07,6.0353,false
2025-05-13 22:59:44,6.0353,false
2025-05-13 23:10:20,7.0000,false
2025-05-13 23:20:04,7.0000,false
2025-05-13 23:29:35,7.0000,false
2025-05-13 23:40:22,7.0000,false
2025-05-13 23:50:05,7.0000,false
2025-05-14 00:00:29,7.8284,false
2025-05-14 00:09:33,7.8284,false
2025-05-14 00:19:42,7.8284,false
2025-05-14 00:29:33,7.8284,false
2025-05-14 00:39:43,7.8284,false
2025-05-14 00:49:37,7.8284,false
2025-05-14 00:59:54,7.8284,false
2025-05-14 01:10:29,8.4641,true
2025-05-14 01:19:53,8.4641,true
2025-05-14 01:30:22,8.4641,true
2025-05-14 01:39:57,8.4641,true
2025-05-14 01:50:06,8.4641,true
2025-05-14 02:00:01,8.8637,true
2025-05-14 02:10:16,8.8637,true
2025-05-14 02:20:15,8.8637,true
2025-05-14 02:30:17,8.8637,true
2025-05-14 02:39:54,8.8637,true
2025-05-14 02:50:27,8.8637,true
2025-05-14 02:59:30,8.8637,true
2025-05-14 03:09:31,9.0000,true
2025-05-14 03:20:16,9.0000,true
2025-05-14 03:30:01,9.0000,true
2025-05-14 03:39:56,9.0000,true
2025-05-14 03:49:52,9.0000,true
2025-05-14 04:00:10,8.8637,true
2025-05-14 04:10:04,8.8637,true
2025-05-14 04:19:52,8.8637,true
2025-05-14 04:29:30,8.8637,true
2025-05-14 04:39:38,8.8637,true
2025-05-14 04:50:12,8.8637,true
2025-05-14 05:00:13,8.4641,true
2025-05-14 05:09:45,8.4641,true
2025-05-14 05:20:23,8.4641,true
2025-05-14 05:29:45,8.4641,true
2025-05-14 05:40:24,8.4641,true
2025-05-14 05:49:49,8.4641,true
2025-05-14 05:59:52,8.4641,true
2025-05-14 06:10:11,7.8284,false
2025-05-14 06:19:35,7.8284,false
2025-05-14 06:30:15,7.8284,false
2025-05-14 06:39:48,7.8284,false
2025-05-14 06:50:16,7.8284,false
2025-05-14 07:00:22,7.0000,false
2025-05-14 07:09:54,7.0000,false
2025-05-14 07:19:32,7.0000,false
2025-05-14 07:29:40,7.0000,false
2025-05-14 07:40:29,7.0000,false
2025-05-14 07:49:53,7.0000,false
2025-05-14 08:00:27,6.0353,false
2025-05-14 08:09:42,6.0353,false
2025-05-14 08:19:40,6.0353,false
2025-05-14 08:29:48,6.0353,false
2025-05-14 08:39:48,6.0353,false
2025-05-14 08:50:12,6.0353,false
2025-05-14 09:00:00,5.0000,false
2025-05-14 09:10:25,5.0000,false
2025-05-14 09:20:00,5.0000,false
2025-05-14 09:29:49,5.0000,false
2025-05-14 09:39:51,5.0000,false
2025-05-14 09:50:22,5.0000,false
2025-05-14 09:59:38,5.0000,false
2025-05-14 10:09:50,3.9647,false
2025-05-14 10:19:47,3.9647,false
2025-05-14 10:30:13,3.9647,false
2025-05-14 10:39:44,3.9647,false
2025-05-14 10:50:01,3.9647,false
2025-05-14 11:00:22,3.0000,false
2025-05-14 11:10:09,3.0000,false
2025-05-14 11:20:28,3.0000,false
2025-05-14 11:30:09,3.0000,false
2025-05-14 11:40:18,3.0000,false
2025-05-14 11:50:22,3.0000,false
2025-05-14 12:00:02,2.1716,false
2025-05-14 12:09:51,2.1716,false
2025-05-14 12:20:23,2.1716,false
2025-05-14 12:30:15,2.1716,false
2025-05-14 12:40:14,2.1716,false
2025-05-14 12:50:16,2.1716,false
2025-05-14 13:00:14,1.5359,false
2025-05-14 13:10:24,1.5359,false
2025-05-14 13:19:41,1.5359,false
2025-05-14 13:29:55,1.5359,false
2025-05-14 13:39:52,1.5359,false
2025-05-14 13:50:02,1.5359,false
2025-05-14 13:59:53,1.5359,false
2025-05-14 14:10:22,1.1363,false
2025-05-14 14:19:55,1.1363,false
2025-05-14 14:30:09,1.1363,false
2025-05-14 14:40:07,1.1363,false
2025-05-14 14:49:38,1.1363,false
2025-05-14 14:59:57,1.1363,false
2025-05-14 15:10:13,1.0000,false
2025-05-14 15:19:40,1.0000,false
2025-05-14 15:29:31,1.0000,false
2025-05-14 15:39:42,1.0000,false
2025-05-14 15:49:56,1.0000,false
2025-05-14 15:59:39,1.0000,false
2025-05-14 16:09:35,1.1363,false
2025-05-14 16:20:17,1.1363,false
2025-05-14 16:29:37,1.1363,false
2025-05-14 16:39:35,1.1363,false
2025-05-14 16:49:33,1.1363,false
2025-05-14 17:00:12,1.5359,false
2025-05-14 17:09:51,1.5359,false
2025-05-14 17:20:00,1.5359,false
2025-05-14 17:29:56,1.5359,false
2025-05-14 17:39:40,1.5359,false
2025-05-14 17:50:15,1.5359,false
2025-05-14 17:59:58,1.5359,false
2025-05-14 18:09:33,2.1716,false
2025-05-14 18:19:50,2.1716,false
2025-05-14 18:30:13,2.1716,false
2025-05-14 18:39:54,2.1716,false
2025-05-14 18:50:00,2.1716,false
2025-05-14 18:59:36,2.1716,false
2025-05-14 19:09:45,3.0000,false
2025-05-14 19:19:44,3.0000,false
2025-05-14 19:29:38,3.0000,false
2025-05-14 19:39:39,3.0000,false
2025-05-14 19:50:27,3.0000,false
2025-05-14 19:59:57,3.0000,false
2025-05-14 20:09:35,3.9647,false
2025-05-14 20:19:51,3.9647,false
2025-05-14 20:30:13,3.9647,false
2025-05-14 20:39:58,3.9647,false
2025-05-14 20:50:01,3.9647,false
2025-05-14 21:00:02,5.0000,false
2025-05-14 21:09:36,5.0000,false
2025-05-14 21:19:42,5.0000,false
2025-05-14 21:29:43,5.0000,false
2025-05-14 21:40:05,5.0000,false
2025-05-14 21:49:43,5.0000,false
2025-05-14 22:00:03,6.0353,false
2025-05-14 22:10:07,6.0353,false
2025-05-14 22:19:40,6.0353,false
2025-05-14 22:30:12,6.0353,false
2025-05-14 22:39:42,6.0353,false
2025-05-14 22:49:52,6.0353,false
2025-05-14 22:59:48,6.0353,false
2025-05-14 23:10:14,7.0000,false
2025-05-14 23:20:16,7.0000,false
2025-05-14 23:29:38,7.0000,false
2025-05-14 23:40:29,7.0000,false
2025-05-14 23:49:41,7.0000,false
