2025-05-11 23:59:50,20.0000,true
2025-05-12 00:01:03,20.0000,true
2025-05-12 00:01:50,20.0000,true
2025-05-12 00:03:08,20.0000,true
2025-05-12 00:04:07,20.0000,true
2025-05-12 00:04:50,20.0000,true
2025-05-12 00:06:05,20.0000,true
2025-05-12 00:06:55,20.0000,true
2025-05-12 00:08:09,20.0000,true
2025-05-12 00:08:54,20.0000,true
2025-05-12 00:09:57,20.0000,true
2025-05-12 00:10:59,20.0000,true
2025-05-12 00:11:56,20.0000,true
2025-05-12 00:13:06,20.0000,true
2025-05-12 00:13:52,20.0000,true
2025-05-12 00:15:07,20.0000,true
2025-05-12 00:15:53,20.0000,true
2025-05-12 00:17:04,20.0000,true
2025-05-12 00:17:51,20.0000,true
2025-05-12 00:19:05,20.0000,true
2025-05-12 00:20:08,20.0000,true
2025-05-12 00:21:00,20.0000,true
2025-05-12 00:21:52,20.0000,true
2025-05-12 00:22:55,20.0000,true
2025-05-12 00:24:09,20.0000,true
2025-05-12 00:25:09,20.0000,true
2025-05-12 00:25:55,20.0000,true
2025-05-12 00:26:51,20.0000,true
2025-05-12 00:27:55,20.0000,true
2025-05-12 00:29:00,20.0000,true
2025-05-12 00:29:51,20.0000,true
2025-05-12 00:30:54,20.0000,true
2025-05-12 00:32:08,20.0000,true
2025-05-12 00:32:59,20.0000,true
2025-05-12 00:33:57,20.0000,true
2025-05-12 00:34:54,20.0000,true
2025-05-12 00:35:56,20.0000,true
2025-05-12 00:37:08,20.0000,true
2025-05-12 00:37:59,20.0000,true
2025-05-12 00:38:51,20.0000,true
2025-05-12 00:39:53,20.0000,true
2025-05-12 00:41:09,20.0000,true
2025-05-12 00:42:08,20.0000,true
2025-05-12 00:43:05,20.0000,true
2025-05-12 00:44:02,20.0000,true
2025-05-12 00:44:50,20.0000,true
2025-05-12 00:46:06,20.0000,true
2025-05-12 00:47:08,20.0000,true
2025-05-12 00:48:00,20.0000,true
2025-05-12 00:48:53,20.0000,true
2025-05-12 00:49:59,20.0000,true
2025-05-12 00:51:01,20.0000,true
2025-05-12 00:51:59,20.0000,true
2025-05-12 00:53:03,20.0000,true
2025-05-12 00:54:00,20.0000,true
2025-05-12 00:55:00,20.0000,true
2025-05-12 00:55:54,20.0000,true
2025-05-12 00:56:50,20.0000,true
2025-05-12 00:58:01,20.0000,true
2025-05-12 00:58:50,20.0000,true
2025-05-12 01:00:03,20.0000,true
2025-05-12 01:00:53,20.0000,true
2025-05-12 01:01:59,20.0000,true
2025-05-12 01:03:06,20.0000,true
2025-05-12 01:04:07,20.0000,true
2025-05-12 01:04:55,20.0000,true
2025-05-12 01:06:08,20.0000,true
2025-05-12 01:07:06,20.0000,true
2025-05-12 01:07:58,20.0000,true
2025-05-12 01:09:07,20.0000,true
2025-05-12 01:10:01,20.0000,true
2025-05-12 01:10:54,20.0000,true
2025-05-12 01:12:06,20.0000,true
2025-05-12 01:12:50,20.0000,true
2025-05-12 01:14:09,20.0000,true
2025-05-12 01:14:53,20.0000,true
2025-05-12 01:16:00,20.0000,true
2025-05-12 01:17:05,20.0000,true
2025-05-12 01:18:04,20.0000,true
2025-05-12 01:18:52,20.0000,true
2025-05-12 01:20:04,20.0000,true
2025-05-12 01:21:00,20.0000,true
2025-05-12 01:21:56,20.0000,true
2025-05-12 01:22:50,20.0000,true
2025-05-12 01:23:50,20.0000,true
2025-05-12 01:24:57,20.0000,true
2025-05-12 01:25:54,20.0000,true
2025-05-12 01:27:07,20.0000,true
2025-05-12 01:27:54,20.0000,true
2025-05-12 01:29:06,20.0000,true
2025-05-12 01:30:06,20.0000,true
2025-05-12 01:31:00,20.0000,true
2025-05-12 01:31:53,20.0000,true
2025-05-12 01:32:51,20.0000,true
2025-05-12 01:33:54,20.0000,true
2025-05-12 01:35:08,20.0000,true
2025-05-12 01:36:08,20.0000,true
2025-05-12 01:36:59,20.0000,true
2025-05-12 01:38:01,20.0000,true
2025-05-12 01:39:07,20.0000,true
2025-05-12 01:40:02,20.0000,true
2025-05-12 01:40:59,20.0000,true
2025-05-12 01:42:03,20.0000,true
2025-05-12 01:43:08,20.0000,true
2025-05-12 01:44:06,20.0000,true
2025-05-12 01:45:00,20.0000,true
2025-05-12 01:46:02,20.0000,true
2025-05-12 01:46:57,20.0000,true
2025-05-12 01:47:53,20.0000,true
2025-05-12 01:48:57,20.0000,true
2025-05-12 01:49:56,20.0000,true
2025-05-12 01:50:53,20.0000,true
2025-05-12 01:51:54,20.0000,true
2025-05-12 01:52:50,20.0000,true
2025-05-12 01:53:55,20.0000,true
2025-05-12 01:54:52,20.0000,true
2025-05-12 01:55:55,20.0000,true
2025-05-12 01:57:04,20.0000,true
2025-05-12 01:58:05,20.0000,true
2025-05-12 01:58:51,20.0000,true
2025-05-12 01:59:58,20.0000,true
2025-05-12 02:01:05,20.0000,true
2025-05-12 02:01:54,20.0000,true
2025-05-12 02:03:02,20.0000,true
2025-05-12 02:03:51,20.0000,true
2025-05-12 02:04:52,20.0000,true
2025-05-12 02:05:54,20.0000,true
2025-05-12 02:06:53,20.0000,true
2025-05-12 02:08:07,20.0000,true
2025-05-12 02:09:03,20.0000,true
2025-05-12 02:09:56,20.0000,true
2025-05-12 02:10:54,20.0000,true
2025-05-12 02:12:05,20.0000,true
2025-05-12 02:12:53,20.0000,true
2025-05-12 02:14:08,20.0000,true
2025-05-12 02:15:01,20.0000,true
2025-05-12 02:16:02,20.0000,true
2025-05-12 02:17:04,20.0000,true
2025-05-12 02:17:52,20.0000,true
2025-05-12 02:18:57,20.0000,true
2025-05-12 02:19:53,20.0000,true
2025-05-12 02:21:06,20.0000,true
2025-05-12 02:21:55,20.0000,true
2025-05-12 02:22:52,20.0000,true
2025-05-12 02:23:52,20.0000,true
2025-05-12 02:24:52,20.0000,true
2025-05-12 02:25:50,20.0000,true
2025-05-12 02:27:05,20.0000,true
2025-05-12 02:27:55,20.0000,true
2025-05-12 02:29:07,20.0000,true
2025-05-12 02:29:50,20.0000,true
2025-05-12 02:30:50,20.0000,true
2025-05-12 02:32:06,20.0000,true
2025-05-12 02:33:07,20.0000,true
2025-05-12 02:34:00,20.0000,true
2025-05-12 02:34:53,20.0000,true
2025-05-12 02:36:05,20.0000,true
2025-05-12 02:36:54,20.0000,true
2025-05-12 02:38:01,20.0000,true
2025-05-12 02:38:52,20.0000,true
2025-05-12 02:40:04,20.0000,true
2025-05-12 02:41:07,20.0000,true
2025-05-12 02:41:52,20.0000,true
2025-05-12 02:42:55,20.0000,true
2025-05-12 02:43:55,20.0000,true
2025-05-12 02:44:57,20.0000,true
2025-05-12 02:46:04,20.0000,true
2025-05-12 02:46:58,20.0000,true
2025-05-12 02:47:56,20.0000,true
2025-05-12 02:49:01,20.0000,true
2025-05-12 02:49:59,20.0000,true
2025-05-12 02:51:01,20.0000,true
2025-05-12 02:51:58,20.0000,true
2025-05-12 02:52:50,20.0000,true
2025-05-12 02:53:53,20.0000,true
2025-05-12 02:54:54,20.0000,true
2025-05-12 02:55:50,20.0000,true
2025-05-12 02:56:59,20.0000,true
2025-05-12 02:57:54,20.0000,true
2025-05-12 02:59:01,20.0000,true
2025-05-12 03:00:04,20.0000,true
2025-05-12 03:01:09,20.0000,true
2025-05-12 03:02:03,20.0000,true
2025-05-12 03:03:02,20.0000,true
2025-05-12 03:04:07,20.0000,true
2025-05-12 03:04:52,20.0000,true
2025-05-12 03:06:01,20.0000,true
2025-05-12 03:07:08,20.0000,true
2025-05-12 03:07:57,20.0000,true
2025-05-12 03:08:57,20.0000,true
2025-05-12 03:09:55,20.0000,true
2025-05-12 03:10:56,20.0000,true
2025-05-12 03:11:50,20.0000,true
2025-05-12 03:13:03,20.0000,true
2025-05-12 03:14:03,20.0000,true
2025-05-12 03:14:54,20.0000,true
2025-05-12 03:15:59,20.0000,true
2025-05-12 03:16:56,20.0000,true
2025-05-12 03:17:53,20.0000,true
2025-05-12 03:19:03,20.0000,true
2025-05-12 03:19:59,20.0000,true
2025-05-12 03:21:03,20.0000,true
2025-05-12 03:22:08,20.0000,true
2025-05-12 03:22:53,20.0000,true
2025-05-12 03:23:57,20.0000,true
2025-05-12 03:24:59,20.0000,true
2025-05-12 03:25:56,20.0000,true
2025-05-12 03:27:05,20.0000,true
2025-05-12 03:27:56,20.0000,true
2025-05-12 03:28:52,20.0000,true
2025-05-12 03:29:54,20.0000,true
2025-05-12 03:30:54,20.0000,true
2025-05-12 03:32:00,20.0000,true
2025-05-12 03:33:06,20.0000,true
2025-05-12 03:34:03,20.0000,true
2025-05-12 03:35:08,20.0000,true
2025-05-12 03:36:00,20.0000,true
2025-05-12 03:36:59,20.0000,true
2025-05-12 03:37:55,20.0000,true
2025-05-12 03:39:01,20.0000,true
2025-05-12 03:39:53,20.0000,true
2025-05-12 03:40:55,20.0000,true
2025-05-12 03:41:51,20.0000,true
2025-05-12 03:42:51,20.0000,true
2025-05-12 03:43:55,20.0000,true
2025-05-12 03:45:08,20.0000,true
2025-05-12 03:46:04,20.0000,true
2025-05-12 03:47:02,20.0000,true
2025-05-12 03:47:59,20.0000,true
2025-05-12 03:49:04,20.0000,true
2025-05-12 03:50:00,20.0000,true
2025-05-12 03:50:56,20.0000,true
2025-05-12 03:51:56,20.0000,true
2025-05-12 03:52:58,20.0000,true
2025-05-12 03:53:51,20.0000,true
2025-05-12 03:54:56,20.0000,true
2025-05-12 03:55:50,20.0000,true
2025-05-12 03:57:01,20.0000,true
2025-05-12 03:57:56,20.0000,true
2025-05-12 03:58:52,20.0000,true
2025-05-12 04:00:07,20.0000,true
2025-05-12 04:01:04,20.0000,true
2025-05-12 04:01:51,20.0000,true
2025-05-12 04:03:01,20.0000,true
2025-05-12 04:04:06,20.0000,true
2025-05-12 04:05:07,20.0000,true
2025-05-12 04:05:51,20.0000,true
2025-05-12 04:06:54,20.0000,true
2025-05-12 04:08:07,20.0000,true
2025-05-12 04:09:00,20.0000,true
2025-05-12 04:09:57,20.0000,true
2025-05-12 04:10:59,20.0000,true
2025-05-12 04:12:05,20.0000,true
2025-05-12 04:13:03,20.0000,true
2025-05-12 04:14:04,20.0000,true
2025-05-12 04:15:01,20.0000,true
2025-05-12 04:15:57,20.0000,true
2025-05-12 04:17:06,20.0000,true
2025-05-12 04:17:56,20.0000,true
2025-05-12 04:18:53,20.0000,true
2025-05-12 04:19:53,20.0000,true
2025-05-12 04:20:50,20.0000,true
2025-05-12 04:21:56,20.0000,true
2025-05-12 04:22:51,20.0000,true
2025-05-12 04:24:08,20.0000,true
2025-05-12 04:25:02,20.0000,true
2025-05-12 04:26:00,20.0000,true
2025-05-12 04:27:09,20.0000,true
2025-05-12 04:28:02,20.0000,true
2025-05-12 04:28:50,20.0000,true
2025-05-12 04:30:02,20.0000,true
2025-05-12 04:30:50,20.0000,true
2025-05-12 04:31:58,20.0000,true
2025-05-12 04:33:01,20.0000,true
2025-05-12 04:34:05,20.0000,true
2025-05-12 04:34:58,20.0000,true
2025-05-12 04:36:03,20.0000,true
2025-05-12 04:36:50,20.0000,true
2025-05-12 04:37:52,20.0000,true
2025-05-12 04:39:06,20.0000,true
2025-05-12 04:40:03,20.0000,true
2025-05-12 04:41:02,20.0000,true
2025-05-12 04:42:00,20.0000,true
2025-05-12 04:43:02,20.0000,true
2025-05-12 04:44:02,20.0000,true
2025-05-12 04:45:05,20.0000,true
2025-05-12 04:46:00,20.0000,true
2025-05-12 04:46:51,20.0000,true
2025-05-12 04:47:57,20.0000,true
2025-05-12 04:49:03,20.0000,true
2025-05-12 04:50:09,20.0000,true
2025-05-12 04:50:50,20.0000,true
2025-05-12 04:51:55,20.0000,true
2025-05-12 04:52:59,20.0000,true
2025-05-12 04:54:00,20.0000,true
2025-05-12 04:55:01,20.0000,true
2025-05-12 04:55:52,20.0000,true
2025-05-12 04:57:00,20.0000,true
2025-05-12 04:57:51,20.0000,true
2025-05-12 04:58:52,20.0000,true
2025-05-12 04:59:54,20.0000,true
2025-05-12 05:00:54,20.0000,true
2025-05-12 05:01:57,20.0000,true
2025-05-12 05:03:02,20.0000,true
2025-05-12 05:03:52,20.0000,true
2025-05-12 05:04:53,20.0000,true
2025-05-12 05:05:54,20.0000,true
2025-05-12 05:06:52,20.0000,true
2025-05-12 05:07:57,20.0000,true
2025-05-12 05:08:50,20.0000,true
2025-05-12 05:10:00,20.0000,true
2025-05-12 05:11:02,20.0000,true
2025-05-12 05:11:50,20.0000,true
2025-05-12 05:13:00,20.0000,true
2025-05-12 05:13:50,20.0000,true
2025-05-12 05:14:59,20.0000,true
2025-05-12 05:15:58,20.0000,true
2025-05-12 05:17:03,20.0000,true
2025-05-12 05:17:56,20.0000,true
2025-05-12 05:19:05,20.0000,true
2025-05-12 05:19:53,20.0000,true
2025-05-12 05:20:58,20.0000,true
2025-05-12 05:21:52,20.0000,true
2025-05-12 05:23:01,20.0000,true
2025-05-12 05:23:53,20.0000,true
2025-05-12 05:25:08,20.0000,true
2025-05-12 05:26:04,20.0000,true
2025-05-12 05:26:59,20.0000,true
2025-05-12 05:28:01,20.0000,true
2025-05-12 05:29:03,20.0000,true
2025-05-12 05:30:09,20.0000,true
2025-05-12 05:30:52,20.0000,true
2025-05-12 05:32:04,20.0000,true
2025-05-12 05:33:03,20.0000,true
2025-05-12 05:34:03,20.0000,true
2025-05-12 05:35:02,20.0000,true
2025-05-12 05:36:03,20.0000,true
2025-05-12 05:36:50,20.0000,true
2025-05-12 05:38:07,20.0000,true
2025-05-12 05:38:59,20.0000,true
2025-05-12 05:39:56,20.0000,true
2025-05-12 05:41:06,20.0000,true
2025-05-12 05:42:02,20.0000,true
2025-05-12 05:42:57,20.0000,true
2025-05-12 05:43:53,20.0000,true
2025-05-12 05:44:55,20.0000,true
2025-05-12 05:45:53,20.0000,true
2025-05-12 05:46:53,20.0000,true
2025-05-12 05:48:04,20.0000,true
2025-05-12 05:49:03,20.0000,true
2025-05-12 05:50:04,20.0000,true
2025-05-12 05:51:02,20.0000,true
2025-05-12 05:51:53,20.0000,true
2025-05-12 05:53:00,20.0000,true
2025-05-12 05:54:02,20.0000,true
2025-05-12 05:55:00,20.0000,true
2025-05-12 05:55:51,20.0000,true
2025-05-12 05:56:52,20.0000,true
2025-05-12 05:58:02,20.0000,true
2025-05-12 05:58:50,20.0000,true
2025-05-12 06:00:07,100.0000,true
2025-05-12 06:00:52,100.0000,true
2025-05-12 06:02:06,100.0000,true
2025-05-12 06:03:05,100.0000,true
2025-05-12 06:04:04,100.0000,true
2025-05-12 06:04:53,100.0000,true
2025-05-12 06:05:55,100.0000,true
2025-05-12 06:06:55,100.0000,true
2025-05-12 06:08:06,100.0000,true
2025-05-12 06:09:05,100.0000,true
2025-05-12 06:10:01,100.0000,true
2025-05-12 06:10:55,100.0000,true
2025-05-12 06:12:09,100.0000,true
2025-05-12 06:12:57,100.0000,true
2025-05-12 06:13:50,100.0000,true
2025-05-12 06:14:55,100.0000,true
2025-05-12 06:15:54,100.0000,true
2025-05-12 06:16:59,100.0000,true
2025-05-12 06:18:06,100.0000,true
2025-05-12 06:18:58,100.0000,true
2025-05-12 06:19:59,100.0000,true
2025-05-12 06:21:05,100.0000,true
2025-05-12 06:21:50,100.0000,true
2025-05-12 06:22:54,100.0000,true
2025-05-12 06:23:59,100.0000,true
2025-05-12 06:24:52,100.0000,true
2025-05-12 06:26:02,100.0000,true
2025-05-12 06:26:52,100.0000,true
2025-05-12 06:28:00,100.0000,true
2025-05-12 06:29:02,100.0000,true
2025-05-12 06:29:51,100.0000,true
2025-05-12 06:31:04,100.0000,true
2025-05-12 06:31:59,100.0000,true
2025-05-12 06:33:01,100.0000,true
2025-05-12 06:34:04,100.0000,true
2025-05-12 06:34:57,100.0000,true
2025-05-12 06:36:08,100.0000,true
2025-05-12 06:37:00,100.0000,true
2025-05-12 06:38:00,100.0000,true
2025-05-12 06:38:56,100.0000,true
2025-05-12 06:40:08,100.0000,true
2025-05-12 06:41:01,100.0000,true
2025-05-12 06:42:04,100.0000,true
2025-05-12 06:43:07,100.0000,true
2025-05-12 06:44:08,100.0000,true
2025-05-12 06:44:58,100.0000,true
2025-05-12 06:46:02,100.0000,true
2025-05-12 06:46:59,100.0000,true
2025-05-12 06:48:01,100.0000,true
2025-05-12 06:49:08,100.0000,true
2025-05-12 06:50:04,100.0000,true
2025-05-12 06:50:50,100.0000,true
2025-05-12 06:52:07,100.0000,true
2025-05-12 06:53:05,100.0000,true
2025-05-12 06:53:57,100.0000,true
2025-05-12 06:55:08,100.0000,true
2025-05-12 06:56:06,100.0000,true
2025-05-12 06:56:59,100.0000,true
2025-05-12 06:57:55,100.0000,true
2025-05-12 06:58:52,100.0000,true
2025-05-12 06:59:51,100.0000,true
2025-05-12 07:00:54,100.0000,true
2025-05-12 07:01:59,100.0000,true
2025-05-12 07:02:57,100.0000,true
2025-05-12 07:04:06,100.0000,true
2025-05-12 07:04:52,100.0000,true
2025-05-12 07:06:04,100.0000,true
2025-05-12 07:07:01,100.0000,true
2025-05-12 07:07:59,100.0000,true
2025-05-12 07:09:04,100.0000,true
2025-05-12 07:10:06,100.0000,true
2025-05-12 07:11:09,100.0000,true
2025-05-12 07:11:56,100.0000,true
2025-05-12 07:12:56,100.0000,true
2025-05-12 07:13:57,100.0000,true
2025-05-12 07:14:53,100.0000,true
2025-05-12 07:16:03,100.0000,true
2025-05-12 07:17:03,100.0000,true
2025-05-12 07:18:01,100.0000,true
2025-05-12 07:19:04,100.0000,true
2025-05-12 07:19:58,100.0000,true
2025-05-12 07:20:57,100.0000,true
2025-05-12 07:22:05,100.0000,true
2025-05-12 07:23:08,100.0000,true
2025-05-12 07:24:06,100.0000,true
2025-05-12 07:24:57,100.0000,true
2025-05-12 07:26:06,100.0000,true
2025-05-12 07:26:59,100.0000,true
2025-05-12 07:28:05,100.0000,true
2025-05-12 07:29:03,100.0000,true
2025-05-12 07:29:53,100.0000,true
2025-05-12 07:30:56,100.0000,true
2025-05-12 07:32:00,100.0000,true
2025-05-12 07:33:03,100.0000,true
2025-05-12 07:34:02,100.0000,true
2025-05-12 07:34:58,100.0000,true
2025-05-12 07:36:00,100.0000,true
2025-05-12 07:36:56,100.0000,true
2025-05-12 07:37:52,100.0000,true
2025-05-12 07:38:59,100.0000,true
2025-05-12 07:40:03,100.0000,true
2025-05-12 07:40:57,100.0000,true
2025-05-12 07:42:02,100.0000,true
2025-05-12 07:42:55,100.0000,true
2025-05-12 07:43:55,100.0000,true
2025-05-12 07:45:01,100.0000,true
2025-05-12 07:46:00,100.0000,true
2025-05-12 07:47:02,100.0000,true
2025-05-12 07:48:05,100.0000,true
2025-05-12 07:48:59,100.0000,true
2025-05-12 07:50:00,100.0000,true
2025-05-12 07:50:55,100.0000,true
2025-05-12 07:51:51,100.0000,true
2025-05-12 07:53:09,100.0000,true
2025-05-12 07:54:04,100.0000,true
2025-05-12 07:55:07,100.0000,true
2025-05-12 07:55:53,100.0000,true
2025-05-12 07:56:52,100.0000,true
2025-05-12 07:58:05,100.0000,true
2025-05-12 07:58:52,100.0000,true
2025-05-12 08:00:05,100.0000,true
2025-05-12 08:00:56,100.0000,true
2025-05-12 08:01:55,100.0000,true
2025-05-12 08:03:07,100.0000,true
2025-05-12 08:04:07,100.0000,true
2025-05-12 08:05:09,100.0000,true
2025-05-12 08:05:51,100.0000,true
2025-05-12 08:07:00,100.0000,true
2025-05-12 08:07:57,100.0000,true
2025-05-12 08:08:58,100.0000,true
2025-05-12 08:09:58,100.0000,true
2025-05-12 08:11:05,100.0000,true
2025-05-12 08:12:04,100.0000,true
2025-05-12 08:13:00,100.0000,true
2025-05-12 08:14:05,100.0000,true
2025-05-12 08:15:04,100.0000,true
2025-05-12 08:15:54,100.0000,true
2025-05-12 08:16:57,100.0000,true
2025-05-12 08:17:56,100.0000,true
2025-05-12 08:18:55,100.0000,true
2025-05-12 08:19:53,100.0000,true
2025-05-12 08:21:05,100.0000,true
2025-05-12 08:22:05,100.0000,true
2025-05-12 08:23:06,100.0000,true
2025-05-12 08:23:55,100.0000,true
2025-05-12 08:24:53,100.0000,true
2025-05-12 08:25:55,100.0000,true
2025-05-12 08:27:07,100.0000,true
2025-05-12 08:27:51,100.0000,true
2025-05-12 08:28:56,100.0000,true
2025-05-12 08:30:06,100.0000,true
2025-05-12 08:31:08,100.0000,true
2025-05-12 08:32:03,100.0000,true
2025-05-12 08:32:57,100.0000,true
2025-05-12 08:34:08,100.0000,true
2025-05-12 08:35:01,100.0000,true
2025-05-12 08:36:03,100.0000,true
2025-05-12 08:36:56,100.0000,true
2025-05-12 08:38:08,100.0000,true
2025-05-12 08:38:54,100.0000,true
2025-05-12 08:40:04,100.0000,true
2025-05-12 08:41:04,100.0000,true
2025-05-12 08:41:51,100.0000,true
2025-05-12 08:42:59,100.0000,true
2025-05-12 08:44:05,100.0000,true
2025-05-12 08:45:07,100.0000,true
2025-05-12 08:46:06,100.0000,true
2025-05-12 08:46:52,100.0000,true
2025-05-12 08:47:52,100.0000,true
2025-05-12 08:49:09,100.0000,true
2025-05-12 08:49:55,100.0000,true
2025-05-12 08:51:08,100.0000,true
2025-05-12 08:52:08,100.0000,true
2025-05-12 08:53:09,100.0000,true
2025-05-12 08:53:57,100.0000,true
2025-05-12 08:54:57,100.0000,true
2025-05-12 08:56:02,100.0000,true
2025-05-12 08:57:07,100.0000,true
2025-05-12 08:58:05,100.0000,true
2025-05-12 08:59:06,100.0000,true
2025-05-12 09:00:01,100.0000,true
2025-05-12 09:01:09,100.0000,true
2025-05-12 09:01:56,100.0000,true
2025-05-12 09:03:01,100.0000,true
2025-05-12 09:04:01,100.0000,true
2025-05-12 09:05:03,100.0000,true
2025-05-12 09:06:05,100.0000,true
2025-05-12 09:06:50,100.0000,true
2025-05-12 09:07:51,100.0000,true
2025-05-12 09:08:57,100.0000,true
2025-05-12 09:09:58,100.0000,true
2025-05-12 09:10:52,100.0000,true
2025-05-12 09:12:05,100.0000,true
2025-05-12 09:12:59,100.0000,true
2025-05-12 09:14:08,100.0000,true
2025-05-12 09:15:08,100.0000,true
2025-05-12 09:16:09,100.0000,true
2025-05-12 09:17:08,100.0000,true
2025-05-12 09:17:58,100.0000,true
2025-05-12 09:19:08,100.0000,true
2025-05-12 09:19:54,100.0000,true
2025-05-12 09:20:57,100.0000,true
2025-05-12 09:22:04,100.0000,true
2025-05-12 09:23:06,100.0000,true
2025-05-12 09:23:55,100.0000,true
2025-05-12 09:24:58,100.0000,true
2025-05-12 09:26:08,100.0000,true
2025-05-12 09:26:59,100.0000,true
2025-05-12 09:27:57,100.0000,true
2025-05-12 09:28:51,100.0000,true
2025-05-12 09:30:08,100.0000,true
2025-05-12 09:30:53,100.0000,true
2025-05-12 09:31:50,100.0000,true
2025-05-12 09:32:59,100.0000,true
2025-05-12 09:34:05,100.0000,true
2025-05-12 09:34:57,100.0000,true
2025-05-12 09:35:53,100.0000,true
2025-05-12 09:37:04,100.0000,true
2025-05-12 09:38:07,100.0000,true
2025-05-12 09:38:55,100.0000,true
2025-05-12 09:40:04,100.0000,true
2025-05-12 09:40:56,100.0000,true
2025-05-12 09:42:03,100.0000,true
2025-05-12 09:42:58,100.0000,true
2025-05-12 09:43:56,100.0000,true
2025-05-12 09:44:56,100.0000,true
2025-05-12 09:45:55,100.0000,true
2025-05-12 09:46:56,100.0000,true
2025-05-12 09:47:52,100.0000,true
2025-05-12 09:49:07,100.0000,true
2025-05-12 09:50:04,100.0000,true
2025-05-12 09:51:06,100.0000,true
2025-05-12 09:51:53,100.0000,true
2025-05-12 09:52:51,100.0000,true
2025-05-12 09:53:50,100.0000,true
2025-05-12 09:54:59,100.0000,true
2025-05-12 09:56:00,100.0000,true
2025-05-12 09:57:08,100.0000,true
2025-05-12 09:58:00,100.0000,true
2025-05-12 09:59:02,100.0000,true
2025-05-12 09:59:52,100.0000,true
2025-05-12 10:00:54,100.0000,true
2025-05-12 10:01:55,100.0000,true
2025-05-12 10:02:56,100.0000,true
2025-05-12 10:04:06,100.0000,true
2025-05-12 10:05:01,100.0000,true
2025-05-12 10:06:07,100.0000,true
2025-05-12 10:07:04,100.0000,true
2025-05-12 10:07:59,100.0000,true
2025-05-12 10:09:03,100.0000,true
2025-05-12 10:09:51,100.0000,true
2025-05-12 10:11:05,100.0000,true
2025-05-12 10:12:02,100.0000,true
2025-05-12 10:12:52,100.0000,true
2025-05-12 10:13:51,100.0000,true
2025-05-12 10:15:05,100.0000,true
2025-05-12 10:16:02,100.0000,true
2025-05-12 10:17:00,100.0000,true
2025-05-12 10:18:07,100.0000,true
2025-05-12 10:18:59,100.0000,true
2025-05-12 10:20:09,100.0000,true
2025-05-12 10:21:09,100.0000,true
2025-05-12 10:22:03,100.0000,true
2025-05-12 10:23:07,100.0000,true
2025-05-12 10:24:00,100.0000,true
2025-05-12 10:24:55,100.0000,true
2025-05-12 10:25:58,100.0000,true
2025-05-12 10:27:01,100.0000,true
2025-05-12 10:27:50,100.0000,true
2025-05-12 10:28:57,100.0000,true
2025-05-12 10:30:01,100.0000,true
2025-05-12 10:31:04,100.0000,true
2025-05-12 10:32:09,100.0000,true
2025-05-12 10:32:56,100.0000,true
2025-05-12 10:33:54,100.0000,true
2025-05-12 10:34:56,100.0000,true
2025-05-12 10:35:55,100.0000,true
2025-05-12 10:37:09,100.0000,true
2025-05-12 10:38:00,100.0000,true
2025-05-12 10:38:53,100.0000,true
2025-05-12 10:40:08,100.0000,true
2025-05-12 10:40:53,100.0000,true
2025-05-12 10:41:53,100.0000,true
2025-05-12 10:43:07,100.0000,true
2025-05-12 10:43:53,100.0000,true
2025-05-12 10:44:58,100.0000,true
2025-05-12 10:45:58,100.0000,true
2025-05-12 10:46:53,100.0000,true
2025-05-12 10:47:54,100.0000,true
2025-05-12 10:48:55,100.0000,true
2025-05-12 10:49:54,100.0000,true
2025-05-12 10:51:01,100.0000,true
2025-05-12 10:52:02,100.0000,true
2025-05-12 10:52:58,100.0000,true
2025-05-12 10:54:06,100.0000,true
2025-05-12 10:55:01,100.0000,true
2025-05-12 10:55:57,100.0000,true
2025-05-12 10:57:09,100.0000,true
2025-05-12 10:58:06,100.0000,true
2025-05-12 10:58:55,100.0000,true
2025-05-12 11:00:08,100.0000,true
2025-05-12 11:00:51,100.0000,true
2025-05-12 11:01:56,100.0000,true
2025-05-12 11:02:59,100.0000,true
2025-05-12 11:04:05,100.0000,true
2025-05-12 11:04:51,100.0000,true
2025-05-12 11:06:01,100.0000,true
2025-05-12 11:06:57,100.0000,true
2025-05-12 11:08:00,100.0000,true
2025-05-12 11:09:00,100.0000,true
2025-05-12 11:10:00,100.0000,true
2025-05-12 11:10:58,100.0000,true
2025-05-12 11:12:05,100.0000,true
2025-05-12 11:13:09,100.0000,true
2025-05-12 11:14:01,100.0000,true
2025-05-12 11:14:55,100.0000,true
2025-05-12 11:16:04,100.0000,true
2025-05-12 11:16:59,100.0000,true
2025-05-12 11:18:05,100.0000,true
2025-05-12 11:18:58,100.0000,true
2025-05-12 11:19:59,100.0000,true
2025-05-12 11:21:01,100.0000,true
2025-05-12 11:21:51,100.0000,true
2025-05-12 11:22:55,100.0000,true
2025-05-12 11:24:09,100.0000,true
2025-05-12 11:25:01,100.0000,true
2025-05-12 11:26:07,100.0000,true
2025-05-12 11:26:55,100.0000,true
2025-05-12 11:27:58,100.0000,true
2025-05-12 11:28:53,100.0000,true
2025-05-12 11:30:03,100.0000,true
2025-05-12 11:30:56,100.0000,true
2025-05-12 11:31:59,100.0000,true
2025-05-12 11:32:58,100.0000,true
2025-05-12 11:33:55,100.0000,true
2025-05-12 11:35:03,100.0000,true
2025-05-12 11:35:54,100.0000,true
2025-05-12 11:37:03,100.0000,true
2025-05-12 11:38:03,100.0000,true
2025-05-12 11:39:08,100.0000,true
2025-05-12 11:40:05,100.0000,true
2025-05-12 11:41:03,100.0000,true
2025-05-12 11:42:03,100.0000,true
2025-05-12 11:43:05,100.0000,true
2025-05-12 11:43:58,100.0000,true
2025-05-12 11:45:08,100.0000,true
2025-05-12 11:45:56,100.0000,true
2025-05-12 11:46:53,100.0000,true
2025-05-12 11:48:06,100.0000,true
2025-05-12 11:49:00,100.0000,true
2025-05-12 11:50:05,100.0000,true
2025-05-12 11:51:01,100.0000,true
2025-05-12 11:51:55,100.0000,true
2025-05-12 11:52:51,100.0000,true
2025-05-12 11:54:08,100.0000,true
2025-05-12 11:54:51,100.0000,true
2025-05-12 11:56:00,100.0000,true
2025-05-12 11:56:56,100.0000,true
2025-05-12 11:58:04,100.0000,true
2025-05-12 11:58:50,100.0000,true
2025-05-12 11:59:59,100.0000,true
2025-05-12 12:00:51,100.0000,true
2025-05-12 12:02:09,100.0000,true
2025-05-12 12:02:58,100.0000,true
2025-05-12 12:03:50,100.0000,true
2025-05-12 12:04:56,100.0000,true
2025-05-12 12:06:08,100.0000,true
2025-05-12 12:06:51,100.0000,true
2025-05-12 12:07:56,100.0000,true
2025-05-12 12:09:05,100.0000,true
2025-05-12 12:10:09,100.0000,true
2025-05-12 12:10:54,100.0000,true
2025-05-12 12:12:05,100.0000,true
2025-05-12 12:12:50,100.0000,true
2025-05-12 12:14:01,100.0000,true
2025-05-12 12:14:59,100.0000,true
2025-05-12 12:16:09,100.0000,true
2025-05-12 12:17:02,100.0000,true
2025-05-12 12:18:08,100.0000,true
2025-05-12 12:18:59,100.0000,true
2025-05-12 12:20:09,100.0000,true
2025-05-12 12:21:04,100.0000,true
2025-05-12 12:21:54,100.0000,true
2025-05-12 12:22:52,100.0000,true
2025-05-12 12:23:53,100.0000,true
2025-05-12 12:24:54,100.0000,true
2025-05-12 12:26:00,100.0000,true
2025-05-12 12:26:51,100.0000,true
2025-05-12 12:28:06,100.0000,true
2025-05-12 12:28:58,100.0000,true
2025-05-12 12:29:54,100.0000,true
2025-05-12 12:31:07,100.0000,true
2025-05-12 12:31:57,100.0000,true
2025-05-12 12:33:09,100.0000,true
2025-05-12 12:33:54,100.0000,true
2025-05-12 12:35:03,100.0000,true
2025-05-12 12:36:07,100.0000,true
2025-05-12 12:37:08,100.0000,true
2025-05-12 12:37:52,100.0000,true
2025-05-12 12:39:07,100.0000,true
2025-05-12 12:39:58,100.0000,true
2025-05-12 12:40:50,100.0000,true
2025-05-12 12:42:05,100.0000,true
2025-05-12 12:42:56,100.0000,true
2025-05-12 12:44:09,100.0000,true
2025-05-12 12:44:56,100.0000,true
2025-05-12 12:46:05,100.0000,true
2025-05-12 12:47:03,100.0000,true
2025-05-12 12:48:05,100.0000,true
2025-05-12 12:49:00,100.0000,true
2025-05-12 12:50:03,100.0000,true
2025-05-12 12:51:01,100.0000,true
2025-05-12 12:52:06,100.0000,true
2025-05-12 12:52:50,100.0000,true
2025-05-12 12:53:53,100.0000,true
2025-05-12 12:54:52,100.0000,true
2025-05-12 12:56:01,100.0000,true
2025-05-12 12:57:04,100.0000,true
2025-05-12 12:58:07,100.0000,true
2025-05-12 12:59:04,100.0000,true
2025-05-12 13:00:08,100.0000,true
2025-05-12 13:00:57,100.0000,true
2025-05-12 13:02:01,100.0000,true
2025-05-12 13:03:07,100.0000,true
2025-05-12 13:03:57,100.0000,true
2025-05-12 13:05:07,100.0000,true
2025-05-12 13:05:52,100.0000,true
2025-05-12 13:07:06,100.0000,true
2025-05-12 13:08:04,100.0000,true
2025-05-12 13:08:57,100.0000,true
2025-05-12 13:10:08,100.0000,true
2025-05-12 13:11:09,100.0000,true
2025-05-12 13:12:00,100.0000,true
2025-05-12 13:12:56,100.0000,true
2025-05-12 13:14:03,100.0000,true
2025-05-12 13:15:03,100.0000,true
2025-05-12 13:16:07,100.0000,true
2025-05-12 13:16:50,100.0000,true
2025-05-12 13:17:57,100.0000,true
2025-05-12 13:18:50,100.0000,true
2025-05-12 13:20:06,100.0000,true
2025-05-12 13:21:06,100.0000,true
2025-05-12 13:21:54,100.0000,true
2025-05-12 13:23:05,100.0000,true
2025-05-12 13:23:57,100.0000,true
2025-05-12 13:24:52,100.0000,true
2025-05-12 13:26:05,100.0000,true
2025-05-12 13:27:07,100.0000,true
2025-05-12 13:27:54,100.0000,true
2025-05-12 13:29:00,100.0000,true
2025-05-12 13:29:51,100.0000,true
2025-05-12 13:30:52,100.0000,true
2025-05-12 13:31:56,100.0000,true
2025-05-12 13:33:08,100.0000,true
2025-05-12 13:34:04,100.0000,true
2025-05-12 13:35:02,100.0000,true
2025-05-12 13:36:04,100.0000,true
2025-05-12 13:37:05,100.0000,true
2025-05-12 13:38:08,100.0000,true
2025-05-12 13:38:56,100.0000,true
2025-05-12 13:40:07,100.0000,true
2025-05-12 13:41:05,100.0000,true
2025-05-12 13:41:56,100.0000,true
2025-05-12 13:43:08,100.0000,true
2025-05-12 13:44:02,100.0000,true
2025-05-12 13:44:51,100.0000,true
2025-05-12 13:45:53,100.0000,true
2025-05-12 13:46:52,100.0000,true
2025-05-12 13:47:57,100.0000,true
2025-05-12 13:48:50,100.0000,true
2025-05-12 13:50:09,100.0000,true
2025-05-12 13:51:07,100.0000,true
2025-05-12 13:52:07,100.0000,true
2025-05-12 13:53:09,100.0000,true
2025-05-12 13:53:52,100.0000,true
2025-05-12 13:54:57,100.0000,true
2025-05-12 13:56:01,100.0000,true
2025-05-12 13:57:09,100.0000,true
2025-05-12 13:58:04,100.0000,true
2025-05-12 13:58:57,100.0000,true
2025-05-12 14:00:08,100.0000,true
2025-05-12 14:01:01,100.0000,true
2025-05-12 14:01:58,100.0000,true
2025-05-12 14:03:08,100.0000,true
2025-05-12 14:04:08,100.0000,true
2025-05-12 14:04:56,100.0000,true
2025-05-12 14:06:01,100.0000,true
2025-05-12 14:07:02,100.0000,true
2025-05-12 14:07:55,100.0000,true
2025-05-12 14:08:57,100.0000,true
2025-05-12 14:09:56,100.0000,true
2025-05-12 14:11:03,100.0000,true
2025-05-12 14:11:56,100.0000,true
2025-05-12 14:13:08,100.0000,true
2025-05-12 14:14:04,100.0000,true
2025-05-12 14:15:04,100.0000,true
2025-05-12 14:15:51,100.0000,true
2025-05-12 14:17:07,100.0000,true
2025-05-12 14:18:08,100.0000,true
2025-05-12 14:18:51,100.0000,true
2025-05-12 14:19:52,100.0000,true
2025-05-12 14:21:07,100.0000,true
2025-05-12 14:22:02,100.0000,true
2025-05-12 14:22:52,100.0000,true
2025-05-12 14:24:05,100.0000,true
2025-05-12 14:25:02,100.0000,true
2025-05-12 14:25:57,100.0000,true
2025-05-12 14:26:57,100.0000,true
2025-05-12 14:28:03,100.0000,true
2025-05-12 14:29:09,100.0000,true
2025-05-12 14:29:52,100.0000,true
2025-05-12 14:30:58,100.0000,true
2025-05-12 14:31:55,100.0000,true
2025-05-12 14:33:06,100.0000,true
2025-05-12 14:33:57,100.0000,true
2025-05-12 14:34:51,100.0000,true
2025-05-12 14:36:00,100.0000,true
2025-05-12 14:37:02,100.0000,true
2025-05-12 14:38:04,100.0000,true
2025-05-12 14:38:56,100.0000,true
2025-05-12 14:39:59,100.0000,true
2025-05-12 14:40:54,100.0000,true
2025-05-12 14:41:51,100.0000,true
2025-05-12 14:43:05,100.0000,true
2025-05-12 14:44:09,100.0000,true
2025-05-12 14:45:05,100.0000,true
2025-05-12 14:46:09,100.0000,true
2025-05-12 14:47:05,100.0000,true
2025-05-12 14:47:58,100.0000,true
2025-05-12 14:48:55,100.0000,true
2025-05-12 14:49:55,100.0000,true
2025-05-12 14:50:59,100.0000,true
2025-05-12 14:51:55,100.0000,true
2025-05-12 14:53:00,100.0000,true
2025-05-12 14:53:50,100.0000,true
2025-05-12 14:54:53,100.0000,true
2025-05-12 14:56:00,100.0000,true
2025-05-12 14:57:02,100.0000,true
2025-05-12 14:57:59,100.0000,true
2025-05-12 14:59:04,100.0000,true
2025-05-12 14:59:54,100.0000,true
2025-05-12 15:01:04,100.0000,true
2025-05-12 15:01:52,100.0000,true
2025-05-12 15:03:06,100.0000,true
2025-05-12 15:03:55,100.0000,true
2025-05-12 15:04:53,100.0000,true
2025-05-12 15:05:58,100.0000,true
2025-05-12 15:07:02,100.0000,true
2025-05-12 15:08:03,100.0000,true
2025-05-12 15:09:06,100.0000,true
2025-05-12 15:10:02,100.0000,true
2025-05-12 15:11:03,100.0000,true
2025-05-12 15:12:00,100.0000,true
2025-05-12 15:12:52,100.0000,true
2025-05-12 15:13:59,100.0000,true
2025-05-12 15:15:01,100.0000,true
2025-05-12 15:16:07,100.0000,true
2025-05-12 15:17:07,100.0000,true
2025-05-12 15:17:54,100.0000,true
2025-05-12 15:19:02,100.0000,true
2025-05-12 15:20:07,100.0000,true
2025-05-12 15:20:55,100.0000,true
2025-05-12 15:22:04,100.0000,true
2025-05-12 15:23:06,100.0000,true
2025-05-12 15:23:58,100.0000,true
2025-05-12 15:25:08,100.0000,true
2025-05-12 15:25:54,100.0000,true
2025-05-12 15:26:50,100.0000,true
2025-05-12 15:28:09,100.0000,true
2025-05-12 15:29:00,100.0000,true
2025-05-12 15:30:03,100.0000,true
2025-05-12 15:30:50,100.0000,true
2025-05-12 15:31:56,100.0000,true
2025-05-12 15:33:06,100.0000,true
2025-05-12 15:34:00,100.0000,true
2025-05-12 15:34:51,100.0000,true
2025-05-12 15:35:52,100.0000,true
2025-05-12 15:37:04,100.0000,true
2025-05-12 15:37:57,100.0000,true
2025-05-12 15:38:56,100.0000,true
2025-05-12 15:39:54,100.0000,true
2025-05-12 15:40:53,100.0000,true
2025-05-12 15:41:53,100.0000,true
2025-05-12 15:42:53,100.0000,true
2025-05-12 15:44:01,100.0000,true
2025-05-12 15:45:03,100.0000,true
2025-05-12 15:45:59,100.0000,true
2025-05-12 15:47:07,100.0000,true
2025-05-12 15:47:52,100.0000,true
2025-05-12 15:48:57,100.0000,true
2025-05-12 15:49:50,100.0000,true
2025-05-12 15:51:09,100.0000,true
2025-05-12 15:52:06,100.0000,true
2025-05-12 15:53:02,100.0000,true
2025-05-12 15:54:08,100.0000,true
2025-05-12 15:55:08,100.0000,true
2025-05-12 15:55:52,100.0000,true
2025-05-12 15:57:03,100.0000,true
2025-05-12 15:57:57,100.0000,true
2025-05-12 15:58:54,100.0000,true
2025-05-12 16:00:06,20.0000,true
2025-05-12 16:00:51,20.0000,true
2025-05-12 16:02:07,20.0000,true
2025-05-12 16:03:04,20.0000,true
2025-05-12 16:04:02,20.0000,true
2025-05-12 16:04:52,20.0000,true
2025-05-12 16:05:58,20.0000,true
2025-05-12 16:06:52,20.0000,true
2025-05-12 16:08:09,20.0000,true
2025-05-12 16:08:54,20.0000,true
2025-05-12 16:09:58,20.0000,true
2025-05-12 16:11:01,20.0000,true
2025-05-12 16:11:54,20.0000,true
2025-05-12 16:12:50,20.0000,true
2025-05-12 16:13:51,20.0000,true
2025-05-12 16:14:59,20.0000,true
2025-05-12 16:16:04,20.0000,true
2025-05-12 16:16:50,20.0000,true
2025-05-12 16:17:53,20.0000,true
2025-05-12 16:18:55,20.0000,true
2025-05-12 16:20:01,20.0000,true
2025-05-12 16:21:09,20.0000,true
2025-05-12 16:22:05,20.0000,true
2025-05-12 16:23:09,20.0000,true
2025-05-12 16:23:50,20.0000,true
2025-05-12 16:24:54,20.0000,true
2025-05-12 16:26:03,20.0000,true
2025-05-12 16:27:01,20.0000,true
2025-05-12 16:27:50,20.0000,true
2025-05-12 16:29:00,20.0000,true
2025-05-12 16:30:00,20.0000,true
2025-05-12 16:30:54,20.0000,true
2025-05-12 16:31:53,20.0000,true
2025-05-12 16:32:55,20.0000,true
2025-05-12 16:33:56,20.0000,true
2025-05-12 16:35:00,20.0000,true
2025-05-12 16:35:54,20.0000,true
2025-05-12 16:36:52,20.0000,true
2025-05-12 16:37:50,20.0000,true
2025-05-12 16:39:00,20.0000,true
2025-05-12 16:40:02,20.0000,true
2025-05-12 16:40:50,20.0000,true
2025-05-12 16:41:52,20.0000,true
2025-05-12 16:43:07,20.0000,true
2025-05-12 16:44:08,20.0000,true
2025-05-12 16:44:55,20.0000,true
2025-05-12 16:46:00,20.0000,true
2025-05-12 16:47:02,20.0000,true
2025-05-12 16:47:54,20.0000,true
2025-05-12 16:49:06,20.0000,true
2025-05-12 16:50:02,20.0000,true
2025-05-12 16:50:50,20.0000,true
2025-05-12 16:51:50,20.0000,true
2025-05-12 16:53:01,20.0000,true
2025-05-12 16:53:53,20.0000,true
2025-05-12 16:55:06,20.0000,true
2025-05-12 16:55:54,20.0000,true
2025-05-12 16:57:08,20.0000,true
2025-05-12 16:57:58,20.0000,true
2025-05-12 16:59:00,20.0000,true
2025-05-12 17:00:06,20.0000,true
2025-05-12 17:00:54,20.0000,true
2025-05-12 17:01:57,20.0000,true
2025-05-12 17:02:54,20.0000,true
2025-05-12 17:03:57,20.0000,true
2025-05-12 17:05:03,20.0000,true
2025-05-12 17:05:51,20.0000,true
2025-05-12 17:06:55,20.0000,true
2025-05-12 17:08:07,20.0000,true
2025-05-12 17:08:57,20.0000,true
2025-05-12 17:09:58,20.0000,true
2025-05-12 17:10:52,20.0000,true
2025-05-12 17:11:50,20.0000,true
2025-05-12 17:12:52,20.0000,true
2025-05-12 17:14:01,20.0000,true
2025-05-12 17:14:54,20.0000,true
2025-05-12 17:15:50,20.0000,true
2025-05-12 17:17:09,20.0000,true
2025-05-12 17:17:55,20.0000,true
2025-05-12 17:18:55,20.0000,true
2025-05-12 17:19:50,20.0000,true
2025-05-12 17:20:52,20.0000,true
2025-05-12 17:22:07,20.0000,true
2025-05-12 17:22:59,20.0000,true
2025-05-12 17:23:57,20.0000,true
2025-05-12 17:25:00,20.0000,true
2025-05-12 17:26:04,20.0000,true
2025-05-12 17:27:05,20.0000,true
2025-05-12 17:28:02,20.0000,true
2025-05-12 17:28:57,20.0000,true
2025-05-12 17:30:06,20.0000,true
2025-05-12 17:31:07,20.0000,true
2025-05-12 17:31:55,20.0000,true
2025-05-12 17:33:07,20.0000,true
2025-05-12 17:34:06,20.0000,true
2025-05-12 17:34:59,20.0000,true
2025-05-12 17:36:04,20.0000,true
2025-05-12 17:37:04,20.0000,true
2025-05-12 17:37:57,20.0000,true
2025-05-12 17:39:03,20.0000,true
2025-05-12 17:40:00,20.0000,true
2025-05-12 17:40:57,20.0000,true
2025-05-12 17:42:09,20.0000,true
2025-05-12 17:43:02,20.0000,true
2025-05-12 17:43:55,20.0000,true
2025-05-12 17:45:05,20.0000,true
2025-05-12 17:46:05,20.0000,true
2025-05-12 17:47:00,20.0000,true
2025-05-12 17:47:50,20.0000,true
2025-05-12 17:48:59,20.0000,true
2025-05-12 17:49:59,20.0000,true
2025-05-12 17:51:03,20.0000,true
2025-05-12 17:52:04,20.0000,true
2025-05-12 17:53:00,20.0000,true
2025-05-12 17:54:02,20.0000,true
2025-05-12 17:54:50,20.0000,true
2025-05-12 17:55:54,20.0000,true
2025-05-12 17:57:08,20.0000,true
2025-05-12 17:58:00,20.0000,true
2025-05-12 17:59:07,20.0000,true
2025-05-12 17:59:50,20.0000,true
2025-05-12 18:00:52,20.0000,true
2025-05-12 18:02:00,20.0000,true
2025-05-12 18:02:54,20.0000,true
2025-05-12 18:03:55,20.0000,true
2025-05-12 18:04:51,20.0000,true
2025-05-12 18:05:53,20.0000,true
2025-05-12 18:07:03,20.0000,true
2025-05-12 18:07:51,20.0000,true
2025-05-12 18:09:09,20.0000,true
2025-05-12 18:10:06,20.0000,true
2025-05-12 18:11:09,20.0000,true
2025-05-12 18:11:58,20.0000,true
2025-05-12 18:13:08,20.0000,true
2025-05-12 18:13:55,20.0000,true
2025-05-12 18:15:06,20.0000,true
2025-05-12 18:16:00,20.0000,true
2025-05-12 18:16:50,20.0000,true
2025-05-12 18:17:50,20.0000,true
2025-05-12 18:19:08,20.0000,true
2025-05-12 18:20:06,20.0000,true
2025-05-12 18:20:56,20.0000,true
2025-05-12 18:22:07,20.0000,true
2025-05-12 18:22:57,20.0000,true
2025-05-12 18:23:58,20.0000,true
2025-05-12 18:24:53,20.0000,true
2025-05-12 18:25:58,20.0000,true
2025-05-12 18:26:56,20.0000,true
2025-05-12 18:27:52,20.0000,true
2025-05-12 18:29:00,20.0000,true
2025-05-12 18:30:06,20.0000,true
2025-05-12 18:31:09,20.0000,true
2025-05-12 18:32:03,20.0000,true
2025-05-12 18:32:54,20.0000,true
2025-05-12 18:33:59,20.0000,true
2025-05-12 18:35:03,20.0000,true
2025-05-12 18:35:58,20.0000,true
2025-05-12 18:37:04,20.0000,true
2025-05-12 18:37:54,20.0000,true
2025-05-12 18:38:58,20.0000,true
2025-05-12 18:39:50,20.0000,true
2025-05-12 18:40:54,20.0000,true
2025-05-12 18:42:08,20.0000,true
2025-05-12 18:42:53,20.0000,true
2025-05-12 18:43:52,20.0000,true
2025-05-12 18:44:55,20.0000,true
2025-05-12 18:45:56,20.0000,true
2025-05-12 18:46:59,20.0000,true
2025-05-12 18:47:59,20.0000,true
2025-05-12 18:48:53,20.0000,true
2025-05-12 18:49:57,20.0000,true
2025-05-12 18:51:04,20.0000,true
2025-05-12 18:51:52,20.0000,true
2025-05-12 18:52:52,20.0000,true
2025-05-12 18:53:50,20.0000,true
2025-05-12 18:55:05,20.0000,true
2025-05-12 18:55:55,20.0000,true
2025-05-12 18:56:54,20.0000,true
2025-05-12 18:58:03,20.0000,true
2025-05-12 18:58:59,20.0000,true
2025-05-12 19:00:00,20.0000,true
2025-05-12 19:00:51,20.0000,true
2025-05-12 19:02:01,20.0000,true
2025-05-12 19:03:04,20.0000,true
2025-05-12 19:03:56,20.0000,true
2025-05-12 19:04:53,20.0000,true
2025-05-12 19:06:02,20.0000,true
2025-05-12 19:07:08,20.0000,true
2025-05-12 19:07:50,20.0000,true
2025-05-12 19:09:06,20.0000,true
2025-05-12 19:09:54,20.0000,true
2025-05-12 19:10:55,20.0000,true
2025-05-12 19:12:09,20.0000,true
2025-05-12 19:12:57,20.0000,true
2025-05-12 19:13:55,20.0000,true
2025-05-12 19:14:53,20.0000,true
2025-05-12 19:15:52,20.0000,true
2025-05-12 19:16:57,20.0000,true
2025-05-12 19:18:07,20.0000,true
2025-05-12 19:19:07,20.0000,true
2025-05-12 19:19:57,20.0000,true
2025-05-12 19:21:00,20.0000,true
2025-05-12 19:21:57,20.0000,true
2025-05-12 19:22:54,20.0000,true
2025-05-12 19:23:58,20.0000,true
2025-05-12 19:25:07,20.0000,true
2025-05-12 19:26:02,20.0000,true
2025-05-12 19:26:55,20.0000,true
2025-05-12 19:28:01,20.0000,true
2025-05-12 19:28:58,20.0000,true
2025-05-12 19:29:59,20.0000,true
2025-05-12 19:31:04,20.0000,true
2025-05-12 19:31:52,20.0000,true
2025-05-12 19:32:55,20.0000,true
2025-05-12 19:33:54,20.0000,true
2025-05-12 19:35:02,20.0000,true
2025-05-12 19:36:08,20.0000,true
2025-05-12 19:36:56,20.0000,true
2025-05-12 19:37:57,20.0000,true
2025-05-12 19:39:01,20.0000,true
2025-05-12 19:39:51,20.0000,true
2025-05-12 19:40:59,20.0000,true
2025-05-12 19:41:57,20.0000,true
2025-05-12 19:43:08,20.0000,true
2025-05-12 19:44:01,20.0000,true
2025-05-12 19:44:57,20.0000,true
2025-05-12 19:46:01,20.0000,true
2025-05-12 19:46:56,20.0000,true
2025-05-12 19:47:51,20.0000,true
2025-05-12 19:49:04,20.0000,true
2025-05-12 19:49:59,20.0000,true
2025-05-12 19:51:04,20.0000,true
2025-05-12 19:51:52,20.0000,true
2025-05-12 19:52:53,20.0000,true
2025-05-12 19:54:05,20.0000,true
2025-05-12 19:55:06,20.0000,true
2025-05-12 19:56:07,20.0000,true
2025-05-12 19:56:52,20.0000,true
2025-05-12 19:58:07,20.0000,true
2025-05-12 19:59:00,20.0000,true
2025-05-12 19:59:54,20.0000,true
2025-05-12 20:00:53,20.0000,true
2025-05-12 20:01:53,20.0000,true
2025-05-12 20:02:54,20.0000,true
2025-05-12 20:04:08,20.0000,true
2025-05-12 20:05:07,20.0000,true
2025-05-12 20:05:58,20.0000,true
2025-05-12 20:07:06,20.0000,true
2025-05-12 20:07:59,20.0000,true
2025-05-12 20:08:58,20.0000,true
2025-05-12 20:09:54,20.0000,true
2025-05-12 20:10:53,20.0000,true
2025-05-12 20:11:50,20.0000,true
2025-05-12 20:12:51,20.0000,true
2025-05-12 20:13:51,20.0000,true
2025-05-12 20:15:06,20.0000,true
2025-05-12 20:16:06,20.0000,true
2025-05-12 20:17:03,20.0000,true
2025-05-12 20:18:01,20.0000,true
2025-05-12 20:18:52,20.0000,true
2025-05-12 20:19:53,20.0000,true
2025-05-12 20:20:53,20.0000,true
2025-05-12 20:21:55,20.0000,true
2025-05-12 20:23:05,20.0000,true
2025-05-12 20:24:02,20.0000,true
2025-05-12 20:25:04,20.0000,true
2025-05-12 20:25:55,20.0000,true
2025-05-12 20:27:08,20.0000,true
2025-05-12 20:28:08,20.0000,true
2025-05-12 20:29:05,20.0000,true
2025-05-12 20:30:03,20.0000,true
2025-05-12 20:31:07,20.0000,true
2025-05-12 20:32:00,20.0000,true
2025-05-12 20:32:54,20.0000,true
2025-05-12 20:34:06,20.0000,true
2025-05-12 20:34:50,20.0000,true
2025-05-12 20:35:54,20.0000,true
2025-05-12 20:36:53,20.0000,true
2025-05-12 20:38:06,20.0000,true
2025-05-12 20:38:58,20.0000,true
2025-05-12 20:40:01,20.0000,true
2025-05-12 20:40:57,20.0000,true
2025-05-12 20:42:00,20.0000,true
2025-05-12 20:43:07,20.0000,true
2025-05-12 20:44:04,20.0000,true
2025-05-12 20:45:05,20.0000,true
2025-05-12 20:45:57,20.0000,true
2025-05-12 20:46:50,20.0000,true
2025-05-12 20:48:06,20.0000,true
2025-05-12 20:49:07,20.0000,true
2025-05-12 20:49:50,20.0000,true
2025-05-12 20:51:00,20.0000,true
2025-05-12 20:52:07,20.0000,true
2025-05-12 20:52:53,20.0000,true
2025-05-12 20:53:56,20.0000,true
2025-05-12 20:54:53,20.0000,true
2025-05-12 20:55:57,20.0000,true
2025-05-12 20:56:58,20.0000,true
2025-05-12 20:58:09,20.0000,true
2025-05-12 20:58:55,20.0000,true
2025-05-12 21:00:09,20.0000,true
2025-05-12 21:01:06,20.0000,true
2025-05-12 21:01:55,20.0000,true
2025-05-12 21:03:08,20.0000,true
2025-05-12 21:03:57,20.0000,true
2025-05-12 21:05:09,20.0000,true
2025-05-12 21:06:00,20.0000,true
2025-05-12 21:06:58,20.0000,true
2025-05-12 21:08:04,20.0000,true
2025-05-12 21:09:04,20.0000,true
2025-05-12 21:10:05,20.0000,true
2025-05-12 21:11:05,20.0000,true
2025-05-12 21:12:02,20.0000,true
2025-05-12 21:12:54,20.0000,true
2025-05-12 21:13:58,20.0000,true
2025-05-12 21:15:06,20.0000,true
2025-05-12 21:15:58,20.0000,true
2025-05-12 21:17:01,20.0000,true
2025-05-12 21:18:06,20.0000,true
2025-05-12 21:18:56,20.0000,true
2025-05-12 21:20:02,20.0000,true
2025-05-12 21:21:06,20.0000,true
2025-05-12 21:21:52,20.0000,true
2025-05-12 21:22:56,20.0000,true
2025-05-12 21:24:03,20.0000,true
2025-05-12 21:25:06,20.0000,true
2025-05-12 21:25:53,20.0000,true
2025-05-12 21:27:05,20.0000,true
2025-05-12 21:28:01,20.0000,true
2025-05-12 21:28:55,20.0000,true
2025-05-12 21:29:56,20.0000,true
2025-05-12 21:31:00,20.0000,true
2025-05-12 21:31:52,20.0000,true
2025-05-12 21:33:07,20.0000,true
2025-05-12 21:34:00,20.0000,true
2025-05-12 21:35:06,20.0000,true
2025-05-12 21:35:57,20.0000,true
2025-05-12 21:36:50,20.0000,true
2025-05-12 21:37:53,20.0000,true
2025-05-12 21:39:01,20.0000,true
2025-05-12 21:40:04,20.0000,true
2025-05-12 21:40:56,20.0000,true
2025-05-12 21:41:54,20.0000,true
2025-05-12 21:43:06,20.0000,true
2025-05-12 21:44:05,20.0000,true
2025-05-12 21:45:07,20.0000,true
2025-05-12 21:45:53,20.0000,true
2025-05-12 21:47:00,20.0000,true
2025-05-12 21:47:50,20.0000,true
2025-05-12 21:49:03,20.0000,true
2025-05-12 21:50:08,20.0000,true
2025-05-12 21:51:07,20.0000,true
2025-05-12 21:51:54,20.0000,true
2025-05-12 21:53:00,20.0000,true
2025-05-12 21:53:56,20.0000,true
2025-05-12 21:55:03,20.0000,true
2025-05-12 21:56:09,20.0000,true
2025-05-12 21:56:52,20.0000,true
2025-05-12 21:57:52,20.0000,true
2025-05-12 21:58:53,20.0000,true
2025-05-12 22:00:06,20.0000,true
2025-05-12 22:01:01,20.0000,true
2025-05-12 22:02:02,20.0000,true
2025-05-12 22:02:59,20.0000,true
2025-05-12 22:03:54,20.0000,true
2025-05-12 22:04:52,20.0000,true
2025-05-12 22:05:50,20.0000,true
2025-05-12 22:06:59,20.0000,true
2025-05-12 22:08:00,20.0000,true
2025-05-12 22:09:03,20.0000,true
2025-05-12 22:09:56,20.0000,true
2025-05-12 22:10:58,20.0000,true
2025-05-12 22:11:52,20.0000,true
2025-05-12 22:12:58,20.0000,true
2025-05-12 22:13:58,20.0000,true
2025-05-12 22:14:55,20.0000,true
2025-05-12 22:16:00,20.0000,true
2025-05-12 22:16:55,20.0000,true
2025-05-12 22:17:52,20.0000,true
2025-05-12 22:19:03,20.0000,true
2025-05-12 22:20:04,20.0000,true
2025-05-12 22:21:02,20.0000,true
2025-05-12 22:21:52,20.0000,true
2025-05-12 22:23:02,20.0000,true
2025-05-12 22:23:58,20.0000,true
2025-05-12 22:25:06,20.0000,true
2025-05-12 22:26:09,20.0000,true
2025-05-12 22:27:02,20.0000,true
2025-05-12 22:28:07,20.0000,true
2025-05-12 22:29:02,20.0000,true
2025-05-12 22:29:51,20.0000,true
2025-05-12 22:31:03,20.0000,true
2025-05-12 22:31:55,20.0000,true
2025-05-12 22:33:01,20.0000,true
2025-05-12 22:33:54,20.0000,true
2025-05-12 22:35:00,20.0000,true
2025-05-12 22:36:06,20.0000,true
2025-05-12 22:37:02,20.0000,true
2025-05-12 22:38:08,20.0000,true
2025-05-12 22:39:01,20.0000,true
2025-05-12 22:40:02,20.0000,true
2025-05-12 22:40:56,20.0000,true
2025-05-12 22:42:03,20.0000,true
2025-05-12 22:43:04,20.0000,true
2025-05-12 22:44:07,20.0000,true
2025-05-12 22:45:01,20.0000,true
2025-05-12 22:46:09,20.0000,true
2025-05-12 22:47:03,20.0000,true
2025-05-12 22:47:50,20.0000,true
2025-05-12 22:48:59,20.0000,true
2025-05-12 22:50:00,20.0000,true
2025-05-12 22:51:09,20.0000,true
2025-05-12 22:51:57,20.0000,true
2025-05-12 22:53:05,20.0000,true
2025-05-12 22:53:50,20.0000,true
2025-05-12 22:55:02,20.0000,true
2025-05-12 22:56:07,20.0000,true
2025-05-12 22:56:51,20.0000,true
2025-05-12 22:58:07,20.0000,true
2025-05-12 22:58:54,20.0000,true
2025-05-12 22:59:56,20.0000,true
2025-05-12 23:00:59,20.0000,true
2025-05-12 23:02:05,20.0000,true
2025-05-12 23:02:58,20.0000,true
2025-05-12 23:04:07,20.0000,true
2025-05-12 23:05:04,20.0000,true
2025-05-12 23:05:51,20.0000,true
2025-05-12 23:07:00,20.0000,true
2025-05-12 23:07:51,20.0000,true
2025-05-12 23:08:52,20.0000,true
2025-05-12 23:10:05,20.0000,true
2025-05-12 23:11:05,20.0000,true
2025-05-12 23:11:59,20.0000,true
2025-05-12 23:12:56,20.0000,true
2025-05-12 23:13:50,20.0000,true
2025-05-12 23:15:06,20.0000,true
2025-05-12 23:16:03,20.0000,true
2025-05-12 23:16:54,20.0000,true
2025-05-12 23:17:57,20.0000,true
2025-05-12 23:18:50,20.0000,true
2025-05-12 23:20:08,20.0000,true
2025-05-12 23:20:52,20.0000,true
2025-05-12 23:22:06,20.0000,true
2025-05-12 23:22:54,20.0000,true
2025-05-12 23:24:08,20.0000,true
2025-05-12 23:25:00,20.0000,true
2025-05-12 23:25:53,20.0000,true
2025-05-12 23:27:06,20.0000,true
2025-05-12 23:28:05,20.0000,true
2025-05-12 23:28:59,20.0000,true
2025-05-12 23:30:09,20.0000,true
2025-05-12 23:30:51,20.0000,true
2025-05-12 23:32:02,20.0000,true
2025-05-12 23:32:56,20.0000,true
2025-05-12 23:34:09,20.0000,true
2025-05-12 23:35:05,20.0000,true
2025-05-12 23:35:58,20.0000,true
2025-05-12 23:37:00,20.0000,true
2025-05-12 23:37:56,20.0000,true
2025-05-12 23:39:09,20.0000,true
2025-05-12 23:40:09,20.0000,true
2025-05-12 23:41:08,20.0000,true
2025-05-12 23:42:02,20.0000,true
2025-05-12 23:43:08,20.0000,true
2025-05-12 23:43:54,20.0000,true
2025-05-12 23:44:51,20.0000,true
2025-05-12 23:46:07,20.0000,true
2025-05-12 23:46:55,20.0000,true
2025-05-12 23:48:08,20.0000,true
2025-05-12 23:49:02,20.0000,true
2025-05-12 23:49:59,20.0000,true
2025-05-12 23:51:00,20.0000,true
2025-05-12 23:51:52,20.0000,true
2025-05-12 23:53:03,20.0000,true
2025-05-12 23:54:02,20.0000,true
2025-05-12 23:55:04,20.0000,true
2025-05-12 23:55:58,20.0000,true
2025-05-12 23:57:00,20.0000,true
2025-05-12 23:58:04,20.0000,true
2025-05-12 23:58:59,20.0000,true
